superfamily	auroc	auprc	hit1	hit10	avg_n_true_pos	avg_n_true_neg	n_queries
a.1.1	0.5311867405232631	0.14047850454806243	0.9473684210526315	0.9473684210526315	35.01754385964912	14223.894736842105	57
a.1.2	0.47195679008201685	9.105358190072267e-05	0.0	0.0	2.6	14274.4	5
a.10.2	0.4719459232277949	3.502136303144918e-05	0.0	0.0	1.0	14276.0	1
a.100.1	0.5252117435610453	0.028826789127694666	0.358974358974359	0.41025641025641024	30.28205128205128	14239.0	39
a.101.1	0.491713132141874	0.0015733634680774938	0.0	0.0	26.0	14251.0	1
a.102.1	0.4861716464149172	0.008185625041058348	0.14814814814814814	0.25925925925925924	21.40740740740741	14251.0	27
a.102.2	0.6832060533875149	0.40085412040104657	1.0	1.0	5.0	14273.0	1
a.102.3	0.4808028982655852	0.016842022272976435	0.16666666666666666	0.16666666666666666	2.5	14272.0	6
a.102.4	0.5151658255648233	0.04015770254990598	0.36363636363636365	0.36363636363636365	8.727272727272727	14267.0	11
a.102.6	0.4719400266236951	0.00014008545212579673	0.0	0.0	4.0	14273.0	1
a.103.1	0.4719238360678711	0.0004263493547372467	0.0	0.0	12.166666666666666	14261.833333333334	6
a.104.1	0.471822352057816	0.0006841364287058187	0.0	0.0	19.48611111111111	14206.0	72
a.11.1	0.4719452681413554	4.6694333216496744e-05	0.0	0.0	1.3333333333333333	14275.666666666666	3
a.11.2	0.4719439579684764	5.8368121008189296e-05	0.0	0.0	1.6666666666666667	14275.0	3
a.110.1	0.47197898423817863	0.00010505673063454266	0.0	0.0	3.0	14275.0	1
a.111.1	0.7066549912434326	0.4448379266962415	1.0	1.0	2.3333333333333335	14275.0	3
a.113.1	0.4719829095748407	3.5018910211514215e-05	0.0	0.0	1.0	14277.0	1
a.114.1	0.7359981774849292	0.5001751190809751	0.5	0.5	5.5	14271.5	2
a.116.1	0.5502671110374742	0.13404955961211565	0.6666666666666666	0.6666666666666666	6.833333333333333	14266.0	12
a.117.1	0.5105387560556337	0.03135133756209604	1.0	1.0	54.0	14220.0	1
a.118.1	0.5083607152448283	0.01274924494715785	0.3220338983050847	0.6271186440677966	53.33898305084746	14220.949152542373	59
a.118.11	0.4719478882118092	3.5018910211514215e-05	0.0	0.0	1.0	14277.0	1
a.118.13	0.4719478882118092	3.5018910211514215e-05	0.0	0.0	1.0	14277.0	1
a.118.14	0.4719478882118092	3.5018910211514215e-05	0.0	0.0	1.0	14277.0	1
a.118.16	0.4719400266236951	0.0001750945510575711	0.0	0.0	5.0	14273.0	1
a.118.17	0.4719400266236951	0.00011907705000134138	0.0	0.0	3.4	14273.0	5
a.118.25	0.4719478882118092	3.5018910211514215e-05	0.0	0.0	1.0	14277.0	1
a.118.26	0.4719478882118092	3.5018910211514215e-05	0.0	0.0	1.0	14277.0	1
a.118.3	0.4719459232277949	5.252959172723881e-05	0.0	0.0	1.5	14276.0	2
a.118.30	0.4719478882118092	3.5018910211514215e-05	0.0	0.0	1.0	14277.0	1
a.118.5	0.4719439579684764	0.00010505673063454266	0.0	0.0	3.0	14275.0	1
a.118.6	0.4719439579684764	3.502381619501261e-05	0.0	0.0	1.0	14275.0	3
a.118.7	0.4718978615644344	0.0013679410733076114	0.0	0.0	39.0	14216.0	1
a.118.8	0.4861460390216616	0.016987319716265922	0.3333333333333333	0.3492063492063492	44.93650793650794	14216.825396825398	63
a.118.9	0.5221243703856806	0.0716818035922576	0.5454545454545454	0.5454545454545454	7.363636363636363	14268.818181818182	11
a.119.1	0.4719478882118092	3.5018910211514215e-05	0.0	0.0	1.0	14277.0	1
a.121.1	0.47191247633073846	0.00010517458981909971	0.0	0.0	3.0	14259.0	1
a.123.1	0.47191755500474153	0.00017695253945570683	0.0	0.0	5.05	14259.8	20
a.124.1	0.6039744987750131	0.25021734415651353	0.5	0.5	2.25	14274.5	4
a.126.1	0.471949414681389	0.00013426450522528312	0.0	0.0	3.8333333333333335	14271.833333333334	6
a.127.1	0.537966262857331	0.097290601225886	0.23076923076923078	0.23076923076923078	9.846153846153847	14264.692307692309	13
a.128.1	0.47189641531795795	0.00048593020725868903	0.0	0.0	13.866666666666667	14249.666666666666	30
a.130.1	0.5166678346999323	0.07096715678837853	0.5555555555555556	0.6666666666666666	7.333333333333333	14269.0	9
a.131.1	0.47191838451830037	0.0005253204454717378	0.0	0.0	15.0	14262.0	1
a.132.1	0.4719197732192118	0.00042237994192849984	0.0	0.0	12.058823529411764	14262.70588235294	17
a.133.1	0.4719682639764607	8.755463450403313e-05	0.0	0.0	2.5	14274.0	4
a.137.15	0.47194360664936524	0.0004905052203769883	0.0	0.0	14.0	14257.0	1
a.138.1	0.4994901123111669	0.046762428696561026	0.5454545454545454	0.6363636363636364	12.954545454545455	14257.727272727272	22
a.139.1	0.4719400266236951	3.502872355331372e-05	0.0	0.0	1.0	14273.0	5
a.140.2	0.47201597086018493	7.003782042302843e-05	0.0	0.0	2.0	14276.0	1
a.140.3	0.99992995236761	0.25	0.0	1.0	1.0	14276.0	2
a.140.6	0.4719478882118092	3.5018910211514215e-05	0.0	0.0	1.0	14277.0	1
a.141.1	0.4719478882118092	3.5018910211514215e-05	0.0	0.0	1.0	14277.0	1
a.142.1	0.4719478882118092	3.5018910211514215e-05	0.0	0.0	1.0	14277.0	1
a.143.1	0.47194494032280243	3.502258995689546e-05	0.0	0.0	1.0	14275.5	2
a.144.1	0.4719419924337957	6.128861248822175e-05	0.0	0.0	1.75	14274.0	4
a.148.1	0.4719439579684764	3.502381619501261e-05	0.0	0.0	1.0	14275.0	1
a.149.1	0.4719556333917105	5.8368121008189296e-05	0.0	0.0	1.6666666666666667	14275.0	3
a.15.1	0.7278458844133101	0.001415507294079178	0.0	0.0	2.0	14275.0	1
a.151.1	0.47193412754029435	0.0002451495412201443	0.0	0.0	7.0	14270.0	1
a.152.1	0.47193850735809395	0.00023202204970136853	0.0	0.0	6.625	14270.0	8
a.155.1	0.4719400266236951	0.0001750945510575711	0.0	0.0	5.0	14273.0	1
a.156.1	0.4719400266236951	0.00013308068957405112	0.0	0.0	3.8	14273.0	5
a.159.5	0.4719400266236951	0.0001750945510575711	0.0	0.0	5.0	14273.0	1
a.16.1	0.578493393535731	0.0007731702025539811	0.0	0.0	2.25	14275.5	4
a.160.1	0.4719470328592448	0.0001750945510575711	0.0	0.0	5.0	14273.0	5
a.17.1	0.4719829095748407	3.5018910211514215e-05	0.0	0.0	1.0	14277.0	1
a.173.1	0.4719439579684764	3.502381619501261e-05	0.0	0.0	1.0	14275.0	1
a.174.1	0.4719439579684764	5.8368121008189296e-05	0.0	0.0	1.6666666666666667	14275.0	3
a.176.1	0.4719419924337957	3.5026269702276706e-05	0.0	0.0	1.0	14274.0	1
a.177.1	0.4719419924337957	6.128861248822175e-05	0.0	0.0	1.75	14274.0	4
a.181.1	0.4719439579684764	0.00010505673063454266	0.0	0.0	3.0	14275.0	1
a.182.1	0.47195271453590193	3.502381619501261e-05	0.0	0.0	1.0	14275.0	4
a.183.1	0.4719439579684764	5.8368121008189296e-05	0.0	0.0	1.6666666666666667	14275.0	3
a.185.1	0.4719829095748407	3.5018910211514215e-05	0.0	0.0	1.0	14277.0	1
a.186.1	0.4719478882118092	3.5018910211514215e-05	0.0	0.0	1.0	14277.0	1
a.188.1	0.4719478882118092	3.5018910211514215e-05	0.0	0.0	1.0	14277.0	1
a.189.1	0.47196539889332495	3.5018910211514215e-05	0.0	0.0	1.0	14277.0	2
a.19.1	0.4719419924337957	0.00010506408909434755	0.0	0.0	3.0	14274.0	1
a.190.1	0.4719478882118092	3.5018910211514215e-05	0.0	0.0	1.0	14277.0	1
a.2.1	0.4719809470439899	5.252959172723881e-05	0.0	0.0	1.5	14276.0	2
a.2.10	0.47196916608269096	0.00021014289717007564	0.0	0.0	6.0	14270.0	1
a.2.11	0.6039797944405512	0.2504172573764745	0.75	0.75	3.75	14270.0	8
a.2.16	0.4719439579684764	0.00010505673063454266	0.0	0.0	3.0	14275.0	1
a.2.17	0.4719556333917105	0.00010505673063454267	0.0	0.0	3.0	14275.0	3
a.2.2	0.4719321606279347	0.00014012471099278357	0.0	0.0	4.0	14269.0	1
a.2.21	0.5992924883335843	0.32327543921284957	1.0	1.0	28.0	14235.0	1
a.2.3	0.47193605407215333	0.00017125044753539542	0.0	0.0	4.888888888888889	14269.0	9
a.2.6	0.4719419924337957	0.00014007564084605686	0.0	0.0	4.0	14274.0	1
a.2.7	0.47195074961468403	0.00014007564084605686	0.0	0.0	4.0	14274.0	4
a.20.1	0.4719446757671305	0.0001471113210974757	0.0	0.0	4.2	14271.8	5
a.203.1	0.4719301934398654	0.0003501891021151422	0.0	0.0	10.0	14268.0	1
a.204.1	0.4719301934398654	0.000287190386815605	0.0	0.0	8.2	14268.0	10
a.207.1	0.4719459232277949	3.502136303144918e-05	0.0	0.0	1.0	14276.0	1
a.208.1	0.4719582528278647	4.669269788866394e-05	0.0	0.0	1.3333333333333333	14276.333333333334	3
a.209.1	0.4719478882118092	3.5018910211514215e-05	0.0	0.0	1.0	14277.0	1
a.21.1	0.511252967339949	0.0744170508396464	0.5625	0.5625	8.8125	14262.5625	16
a.210.1	0.4718848718848719	0.0007360157016683023	0.0	0.0	21.0	14245.0	1
a.211.1	0.47188699915972643	0.0008865132445260376	0.0	0.0	25.303030303030305	14245.0	33
a.212.1	0.4719380605381166	0.00021011346126908532	0.0	0.0	6.0	14272.0	1
a.213.1	0.4719438994768311	0.00014009035982758184	0.0	0.0	4.0	14272.0	6
a.217.1	0.4719829095748407	3.5018910211514215e-05	0.0	0.0	1.0	14277.0	1
a.218.1	0.4719478882118092	3.5018910211514215e-05	0.0	0.0	1.0	14277.0	1
a.22.1	0.5727967809407203	0.17250093015303045	0.9545454545454546	1.0	14.136363636363637	14256.0	22
a.23.4	0.4719478882118092	3.5018910211514215e-05	0.0	0.0	1.0	14277.0	1
a.23.5	0.47196539889332495	3.5018910211514215e-05	0.0	0.0	1.0	14277.0	2
a.23.6	0.4719478882118092	3.5018910211514215e-05	0.0	0.0	1.0	14277.0	1
a.230.1	0.4719478882118092	3.5018910211514215e-05	0.0	0.0	1.0	14277.0	1
a.231.1	0.4719478882118092	3.5018910211514215e-05	0.0	0.0	1.0	14277.0	1
a.235.1	0.4719478882118092	3.5018910211514215e-05	0.0	0.0	1.0	14277.0	1
a.236.1	0.4719478882118092	3.5018910211514215e-05	0.0	0.0	1.0	14277.0	1
a.237.1	0.4719711302641721	0.00017511908097506306	0.0	0.0	5.0	14271.0	1
a.238.1	0.4719360941770023	0.00021512737610990214	0.0	0.0	6.142857142857143	14271.0	7
a.24.10	0.5238407560816898	0.09885778311536957	0.75	0.75	7.5	14270.0	8
a.24.12	0.4719419924337957	3.5026269702276706e-05	0.0	0.0	1.0	14274.0	1
a.24.13	0.47195950679557236	6.128861248822175e-05	0.0	0.0	1.75	14274.0	4
a.24.14	0.4719459232277949	3.502136303144918e-05	0.0	0.0	1.0	14276.0	1
a.24.15	0.4719556322984933	9.33845781706829e-05	0.0	0.0	2.6666666666666665	14275.0	3
a.24.16	0.4719470328592448	0.00016109091148486135	0.0	0.0	4.6	14273.0	5
a.24.18	0.4719459232277949	7.003782042302843e-05	0.0	0.0	2.0	14276.0	1
a.24.19	0.4719459232277949	3.502136303144918e-05	0.0	0.0	1.0	14276.0	2
a.24.2	0.5474321753929321	0.14360298532104582	1.0	1.0	7.0	14270.0	1
a.24.27	0.4719478882118092	3.5018910211514215e-05	0.0	0.0	1.0	14277.0	1
a.24.28	0.4719478882118092	3.5018910211514215e-05	0.0	0.0	1.0	14277.0	2
a.24.29	0.4719478882118092	3.5018910211514215e-05	0.0	0.0	1.0	14277.0	1
a.24.3	0.48919452022224447	0.015920294569318733	0.125	0.125	4.125	14270.0	8
a.24.30	0.4718433633295838	0.001122334455667789	0.0	0.0	32.0	14224.0	1
a.24.8	0.4719632718861709	3.504345388281469e-05	0.0	0.0	1.0	14267.0	1
a.24.9	0.48147275837787956	0.018164099533258305	0.16666666666666666	0.16666666666666666	2.4166666666666665	14267.25	12
a.242.1	0.4719459232277949	7.003782042302843e-05	0.0	0.0	2.0	14276.0	1
a.243.1	0.4719809470439899	7.003782042302843e-05	0.0	0.0	2.0	14276.0	2
a.25.1	0.47185726421246477	0.0013479236715329484	0.0	0.0	38.45454545454545	14224.89090909091	55
a.25.2	0.47194068184782534	8.755790578978052e-05	0.0	0.0	2.5	14273.333333333334	6
a.25.3	0.4719449405293096	6.128677210005233e-05	0.0	0.0	1.75	14275.5	4
a.25.4	0.4719478882118092	3.5018910211514215e-05	0.0	0.0	1.0	14277.0	1
a.25.6	0.5173427781406222	0.04563586248315341	1.0	1.0	23.0	14246.0	1
a.251.1	0.4719829095748407	3.5018910211514215e-05	0.0	0.0	1.0	14277.0	1
a.252.1	0.4719829095748407	3.5018910211514215e-05	0.0	0.0	1.0	14277.0	1
a.26.1	0.5973060877062086	0.033760467519038474	0.30303030303030304	0.5151515151515151	22.575757575757574	14246.545454545454	33
a.265.1	0.4719459232277949	3.502136303144918e-05	0.0	0.0	1.0	14276.0	1
a.266.1	0.4719459232277949	5.252959172723881e-05	0.0	0.0	1.5	14276.0	2
a.27.1	0.49529909395483074	0.001913717238292973	0.0	0.06666666666666667	7.533333333333333	14263.933333333332	15
a.277.1	0.4719439579684764	0.00010505673063454266	0.0	0.0	3.0	14275.0	1
a.278.1	0.4719439579684764	0.00010505673063454267	0.0	0.0	3.0	14275.0	3
a.279.1	0.4719459232277949	7.003782042302843e-05	0.0	0.0	2.0	14276.0	1
a.28.1	0.47192970155881186	0.00027793382450505625	0.0	0.0	7.933333333333334	14263.0	15
a.28.2	0.4719380605381166	0.00014009526478005044	0.0	0.0	4.0	14272.0	1
a.28.3	0.4719513439246427	0.0002351735782784132	0.0	0.0	6.714285714285714	14268.57142857143	7
a.280.1	0.4719459232277949	4.669351549530893e-05	0.0	0.0	1.3333333333333333	14276.0	3
a.281.1	0.4719459232277949	3.502136303144918e-05	0.0	0.0	1.0	14276.0	2
a.286.1	0.4719829095748407	3.5018910211514215e-05	0.0	0.0	1.0	14277.0	1
a.287.1	0.4719478882118092	3.5018910211514215e-05	0.0	0.0	1.0	14277.0	1
a.288.1	0.4719459232277949	7.003782042302843e-05	0.0	0.0	2.0	14276.0	1
a.289.1	0.4719459232277949	7.003782042302843e-05	0.0	0.0	2.0	14276.0	2
a.29.2	0.6943013779560413	0.4361781503113372	0.8387096774193549	0.8387096774193549	6.548387096774194	14248.387096774193	31
a.29.3	0.4719592488701886	0.00033867729522260543	0.0	0.0	9.666666666666666	14260.0	18
a.29.5	0.4719459232277949	3.502136303144918e-05	0.0	0.0	1.0	14276.0	1
a.29.6	0.4719634351358924	5.252959172723881e-05	0.0	0.0	1.5	14276.0	2
a.29.7	0.4719829095748407	3.5018910211514215e-05	0.0	0.0	1.0	14277.0	1
a.29.8	0.4719478882118092	3.5018910211514215e-05	0.0	0.0	1.0	14277.0	1
a.3.1	0.6594664057090397	0.42004802959676135	0.9318181818181818	0.9545454545454546	35.06818181818182	14233.431818181818	44
a.302.1	0.5039803433489001	0.10002190104801773	1.0	1.0	194.0	14040.0	1
a.34.4	0.48658311098628465	0.029610319923709	1.0	1.0	36.0	14242.0	1
a.35.1	0.48325014367519664	0.025788323823790694	0.6756756756756757	0.7567567567567568	30.054054054054053	14242.891891891892	37
a.36.1	0.4719556333917105	7.004272606289837e-05	0.0	0.0	2.0	14275.0	3
a.37.1	0.4720431614349776	3.503117774819589e-05	0.0	0.0	1.0	14272.0	1
a.38.1	0.5160395646487295	0.0835360903678984	0.16666666666666666	0.16666666666666666	1.8333333333333333	14272.0	6
a.38.2	0.5012827130946236	0.055202412264198475	1.0	1.0	72.0	14206.0	1
a.39.1	0.504390580038411	0.06275200349052266	0.958904109589041	0.9726027397260274	55.67123287671233	14206.82191780822	73
a.39.2	0.5424044347866722	0.13385361045896624	0.6666666666666666	0.6666666666666666	6.0	14266.0	12
a.39.4	0.4720235591081195	0.0002803083391730904	0.0	0.0	8.0	14262.0	1
a.4.1	0.5081571773593471	0.025762558554895457	0.4375	0.8303571428571429	95.66964285714286	14166.0	112
a.4.10	0.4719829095748407	3.5018910211514215e-05	0.0	0.0	1.0	14277.0	1
a.4.11	0.4719439579684764	0.00010505673063454266	0.0	0.0	3.0	14275.0	1
a.4.12	0.4719419920206079	0.00012256863856023473	0.0	0.0	3.5	14274.0	4
a.4.13	0.4719373228083514	0.00013571667708549165	0.0	0.0	3.875	14271.625	8
a.4.14	0.4719459232277949	3.502136303144918e-05	0.0	0.0	1.0	14276.0	2
a.4.2	0.471977021157349	3.5026269702276706e-05	0.0	0.0	1.0	14274.0	1
a.4.3	0.5613401195430671	0.16940388259554454	0.4	0.4	51.4	14224.6	5
a.4.5	0.4965450075260101	0.03712384462342615	0.7023809523809523	0.876984126984127	225.0	14027.880952380952	252
a.4.6	0.5121872380666749	0.040777954309195466	0.20689655172413793	0.3448275862068966	16.896551724137932	14249.0	29
a.4.9	0.4719478882118092	3.5018910211514215e-05	0.0	0.0	1.0	14277.0	1
a.40.1	0.5600305882765391	0.16753644142610213	0.5	0.5	8.5	14262.0	16
a.42.1	0.47195344271490675	0.0005253204454717378	0.0	0.0	15.0	14262.0	1
a.43.1	0.50427437568573	0.051509872551714304	0.7058823529411765	0.7058823529411765	16.470588235294116	14259.29411764706	17
a.45.1	0.47273630802185634	0.01707027123418965	0.0	0.0	26.822580645161292	14216.0	62
a.47.6	0.4719478882118092	3.5018910211514215e-05	0.0	0.0	1.0	14277.0	1
a.48.1	0.4719478882118092	3.5018910211514215e-05	0.0	0.0	1.0	14277.0	1
a.5.1	0.4719199719199719	0.00038580246913580245	0.0	0.0	11.0	14245.0	1
a.5.10	0.47191838451830037	0.0005603025633842274	0.0	0.0	16.0	14262.0	1
a.5.2	0.4774252734995031	0.008401757682609465	0.23529411764705882	0.23529411764705882	17.205882352941178	14245.911764705883	34
a.5.3	0.4719459232277949	3.502136303144918e-05	0.0	0.0	1.0	14276.0	2
a.5.6	0.4719459232277949	7.003782042302843e-05	0.0	0.0	2.0	14276.0	1
a.5.7	0.4719634351358924	7.003782042302843e-05	0.0	0.0	2.0	14276.0	2
a.51.1	0.6029813621076233	0.002728408656385632	0.0	0.0	4.0	14272.0	1
a.52.1	0.5504025948243647	0.07241386041538654	0.3333333333333333	0.5	4.666666666666667	14272.0	6
a.54.1	0.47196916608269096	0.00017513134851138354	0.0	0.0	5.0	14270.0	1
a.55.1	0.5452339039181667	0.11187111888592363	0.4444444444444444	0.4444444444444444	4.111111111111111	14270.555555555555	9
a.56.1	0.4812959719789842	0.16673670939272958	0.0	0.0	2.0	14275.0	3
a.59.1	0.4929964912280702	0.0023922623615651815	0.0	0.0	25.0	14250.0	1
a.6.1	0.47192114054038553	0.00046354834754653456	0.0	0.0	13.235294117647058	14262.35294117647	17
a.60.1	0.4909418166286123	0.028887420797544968	0.4482758620689655	0.5172413793103449	18.0	14250.48275862069	29
a.60.11	0.4719439579684764	7.004272606289837e-05	0.0	0.0	2.0	14275.0	1
a.60.12	0.4719439579684764	9.338539577732789e-05	0.0	0.0	2.6666666666666665	14275.0	3
a.60.13	0.4719459232277949	3.502136303144918e-05	0.0	0.0	1.0	14276.0	1
a.60.14	0.4719459232277949	5.252959172723881e-05	0.0	0.0	1.5	14276.0	2
a.60.17	0.4719750578014433	0.0001750945510575711	0.0	0.0	5.0	14273.0	1
a.60.2	0.5923830508586837	0.18278132178899043	0.7857142857142857	0.9285714285714286	12.357142857142858	14264.0	14
a.60.3	0.4719419924337957	7.004763239002522e-05	0.0	0.0	2.0	14274.0	1
a.60.4	0.4719419924337957	0.00010506163661804104	0.0	0.0	3.0	14274.0	4
a.60.5	0.4719439579684764	7.004272606289837e-05	0.0	0.0	2.0	14275.0	1
a.60.6	0.47195222376569457	6.128861197274295e-05	0.0	0.0	1.75	14274.75	4
a.60.7	0.4983758132467614	0.05019169817266178	0.2	0.2	3.0	14272.8	5
a.60.8	0.5200951624458774	0.044914235979794645	0.4	0.4	8.6	14268.0	10
a.61.1	0.5564960906192012	0.0024450517527396117	0.0	0.16666666666666666	4.333333333333333	14273.666666666666	6
a.62.1	0.4719478882118092	3.5018910211514215e-05	0.0	0.0	1.0	14277.0	1
a.63.1	0.47196916608269096	0.00017513134851138354	0.0	0.0	5.0	14270.0	1
a.64.1	0.4754555010511563	0.06273201837163135	0.0	0.0	6.625	14270.0	8
a.68.1	0.4719380605381166	0.00017510681515724592	0.0	0.0	5.0	14272.0	1
a.69.1	0.47194973841554555	0.00016926992200592798	0.0	0.0	4.833333333333333	14272.0	6
a.7.1	0.47677353106642856	0.00920248689423934	0.09090909090909091	0.09090909090909091	1.8181818181818181	14268.818181818182	11
a.7.11	0.4719419924337957	7.004763239002522e-05	0.0	0.0	2.0	14274.0	1
a.7.12	0.4719419924337957	8.755586074218639e-05	0.0	0.0	2.5	14274.0	4
a.7.13	0.4719459232277949	7.003782042302843e-05	0.0	0.0	2.0	14276.0	1
a.7.14	0.4719459232277949	3.502136303144918e-05	0.0	0.0	1.0	14276.0	2
a.7.17	0.4719439579684764	0.00010505673063454266	0.0	0.0	3.0	14275.0	1
a.7.2	1.0	1.0	1.0	1.0	1.0	14277.0	1
a.7.7	0.4719439579684764	3.502381619501261e-05	0.0	0.0	1.0	14275.0	1
a.7.8	0.4719439579684764	5.8368121008189296e-05	0.0	0.0	1.6666666666666667	14275.0	3
a.70.1	0.4719478882118092	3.5018910211514215e-05	0.0	0.0	1.0	14277.0	1
a.70.2	0.47196539889332495	3.5018910211514215e-05	0.0	0.0	1.0	14277.0	2
a.71.1	0.4719478882118092	3.5018910211514215e-05	0.0	0.0	1.0	14277.0	1
a.72.1	0.4719711302641721	0.00010508617065994115	0.0	0.0	3.0	14271.0	1
a.73.1	0.5378678709882881	0.07982084647159281	0.375	0.5	4.625	14268.875	8
a.74.1	0.6396733846966351	0.22909776543970972	0.7916666666666666	0.9583333333333334	14.75	14254.0	24
a.76.1	0.5028887660017002	0.0018179981010807964	0.0	0.0	17.0	14254.0	1
a.77.1	0.5296886206076482	0.01800848298688641	0.16666666666666666	0.2916666666666667	18.791666666666668	14254.0	24
a.78.1	0.471977021157349	7.004763239002522e-05	0.0	0.0	2.0	14274.0	1
a.79.1	0.5247954419287211	0.10027844930279191	0.4	0.4	3.0	14272.4	5
a.8.1	0.4719439579684764	3.502381619501261e-05	0.0	0.0	1.0	14275.0	3
a.8.11	0.4719478882118092	3.5018910211514215e-05	0.0	0.0	1.0	14277.0	1
a.8.2	0.4719439579684764	0.00010505673063454266	0.0	0.0	3.0	14275.0	1
a.8.3	0.47197947371287785	8.75478887337693e-05	0.0	0.0	2.5	14275.25	4
a.8.4	0.4719984589520874	5.252959172723881e-05	0.0	0.0	1.5	14276.0	2
a.80.1	0.4848535562409459	0.0003706763962910339	0.0	0.0	4.75	14266.0	12
a.81.1	0.4719478882118092	3.5018910211514215e-05	0.0	0.0	1.0	14277.0	1
a.83.1	0.4719478882118092	3.5018910211514215e-05	0.0	0.0	1.0	14277.0	1
a.85.1	0.4719419924337957	7.004763239002522e-05	0.0	0.0	2.0	14274.0	1
a.86.1	0.47196805887099763	9.10570177737601e-05	0.0	0.0	2.6	14273.0	5
a.87.1	0.4916109255236034	0.03723024384271802	0.1111111111111111	0.1111111111111111	1.8888888888888888	14269.0	9
a.88.1	0.4719478882118092	3.5018910211514215e-05	0.0	0.0	1.0	14277.0	1
a.89.1	0.4719478882118092	3.5018910211514215e-05	0.0	0.0	1.0	14277.0	1
a.9.1	0.4720179309378721	3.5018910211514215e-05	0.0	0.0	1.0	14277.0	1
a.90.1	0.4719711302641721	0.00014010507880910682	0.0	0.0	4.0	14271.0	1
a.91.1	0.5474038259407189	0.14324475566412637	0.5714285714285714	0.5714285714285714	4.0	14271.0	7
a.92.1	0.4719380605381166	0.00014009526478005044	0.0	0.0	4.0	14272.0	1
a.93.1	0.4719555773542601	0.0001517649641948896	0.0	0.0	4.333333333333333	14272.0	6
a.95.1	0.4719301934398654	0.0003501891021151422	0.0	0.0	10.0	14268.0	1
a.96.1	0.4719305510853589	0.00031200538598636485	0.0	0.0	8.909090909090908	14268.181818181818	11
a.97.1	0.47193850735809395	9.632776671375637e-05	0.0	0.0	2.75	14270.0	8
a.98.1	0.4719419924337957	3.5026269702276706e-05	0.0	0.0	1.0	14274.0	1
a.99.1	0.48096775826435423	0.0022780057977869845	0.0	0.2	8.4	14267.0	5
b.1.1	0.9302746299040714	0.8568559537585719	0.9581589958158996	0.9748953974895398	150.88702928870293	14040.506276150627	239
b.1.10	0.4719556107611969	0.00012607249183733412	0.0	0.0	3.6	14273.8	5
b.1.11	0.4719400266236951	0.00011907705000134138	0.0	0.0	3.4	14273.0	5
b.1.12	0.4719478882118092	3.5018910211514215e-05	0.0	0.0	1.0	14277.0	1
b.1.13	0.4719478882118092	3.5018910211514215e-05	0.0	0.0	1.0	14277.0	1
b.1.16	0.4719478882118092	3.5018910211514215e-05	0.0	0.0	1.0	14277.0	1
b.1.17	0.4920996346968536	0.003749682765175259	0.0	0.0	44.0	14232.0	2
b.1.18	0.5139167110685988	0.009757124957008421	0.08791208791208792	0.3516483516483517	78.20879120879121	14187.0	91
b.1.2	0.486360623992531	0.0314458670161898	0.2222222222222222	0.2222222222222222	40.666666666666664	14161.0	117
b.1.21	0.4719478882118092	3.5018910211514215e-05	0.0	0.0	1.0	14277.0	1
b.1.22	0.471946905719802	3.50201366214817e-05	0.0	0.0	1.0	14276.5	2
b.1.23	0.4719459232277949	5.252959172723881e-05	0.0	0.0	1.5	14276.0	2
b.1.25	0.4719439579684764	7.004272606289837e-05	0.0	0.0	2.0	14275.0	1
b.1.26	0.4719439579684764	7.879622720580943e-05	0.0	0.0	2.25	14275.0	4
b.1.27	0.471951240178312	7.004456593557093e-05	0.0	0.0	2.0	14274.25	4
b.1.28	0.4719402579919438	0.00014510392534579423	0.0	0.0	4.142857142857143	14270.57142857143	7
b.1.29	0.5004661665913406	0.0013667169309980291	0.0	0.0	14.0	14262.764705882353	17
b.1.3	0.47191641539863965	0.00017524183373054817	0.0	0.0	5.0	14261.0	1
b.1.30	0.4719439579684764	7.004272606289837e-05	0.0	0.0	2.0	14275.0	3
b.1.32	0.4719478882118092	3.5018910211514215e-05	0.0	0.0	1.0	14277.0	1
b.1.33	0.4719478882118092	3.5018910211514215e-05	0.0	0.0	1.0	14277.0	1
b.1.4	0.47192260257303964	0.0002576334726901159	0.0	0.0	7.352941176470588	14261.0	17
b.1.5	0.47190262382489123	0.0007355516637478108	0.0	0.0	21.0	14254.0	1
b.1.6	0.4719055469809644	0.0003781555857220308	0.0	0.0	10.791666666666666	14254.0	24
b.1.7	0.4719750578014433	7.005253940455341e-05	0.0	0.0	2.0	14273.0	1
b.1.8	0.5159876809708172	0.08358287937187597	0.3333333333333333	0.3333333333333333	3.0	14273.166666666666	6
b.1.9	0.47196300966792765	0.00011906870979503127	0.0	0.0	3.4	14274.0	5
b.100.1	0.4719459232277949	5.252959172723881e-05	0.0	0.0	1.5	14276.0	2
b.104.1	0.4719809470439899	3.502136303144918e-05	0.0	0.0	1.0	14276.0	1
b.105.1	0.47193871222546996	8.174105844165535e-05	0.0	0.0	2.3333333333333335	14272.333333333334	3
b.106.1	0.47192698643802744	0.00023172925423758047	0.0	0.0	6.615384615384615	14265.0	13
b.107.1	0.4719400266236951	0.0001750945510575711	0.0	0.0	5.0	14273.0	1
b.108.1	0.4719400266236951	0.00016109091148486135	0.0	0.0	4.6	14273.0	5
b.11.1	0.6512997005002066	0.17980398887728496	0.8	0.95	13.4	14259.75	20
b.12.1	0.714029149736117	0.4588463910384407	1.0	1.0	3.5	14274.0	4
b.120.1	0.4719439579684764	7.004272606289837e-05	0.0	0.0	2.0	14275.0	1
b.121.1	0.47194297513228106	8.755340757862296e-05	0.0	0.0	2.5	14274.5	4
b.121.2	0.47194100939104505	0.00012257477061007214	0.0	0.0	3.5	14273.5	6
b.121.3	0.5178543202292666	0.005234469407993315	0.0	0.3333333333333333	11.0	14264.0	3
b.121.4	0.6109445049074044	0.09248999494771856	0.5897435897435898	0.7435897435897436	31.23076923076923	14240.820512820514	39
b.121.5	0.5488813816227621	0.001519734104947983	0.0	0.0	4.428571428571429	14272.57142857143	7
b.121.6	0.4719459232277949	5.252959172723881e-05	0.0	0.0	1.5	14276.0	2
b.121.7	0.47187894958573234	0.0009810791871058165	0.0	0.0	28.0	14242.0	1
b.122.1	0.4726417900308425	0.014625844429888584	0.0	0.0	31.756756756756758	14242.945945945947	37
b.123.1	0.4719439574177522	7.004517939827602e-05	0.0	0.0	2.0	14275.0	2
b.124.1	0.4719575422125692	0.00011674196566379335	0.0	0.0	3.3333333333333335	14273.0	6
b.125.1	0.4719400266236951	0.00013308068957405112	0.0	0.0	3.8	14273.0	5
b.128.1	0.4719459232277949	7.003782042302843e-05	0.0	0.0	2.0	14276.0	1
b.129.1	0.47194657822246633	5.83648503525237e-05	0.0	0.0	1.6666666666666667	14276.333333333334	3
b.129.2	0.4719478882118092	3.5018910211514215e-05	0.0	0.0	1.0	14277.0	1
b.130.1	0.4719459232277949	7.003782042302843e-05	0.0	0.0	2.0	14276.0	1
b.131.1	0.4719459232277949	7.003782042302843e-05	0.0	0.0	2.0	14276.0	2
b.135.1	0.4719478882118092	3.5018910211514215e-05	0.0	0.0	1.0	14277.0	1
b.136.1	0.471946905719802	3.50201366214817e-05	0.0	0.0	1.0	14276.5	2
b.137.1	0.47194657822246633	4.669269788866394e-05	0.0	0.0	1.3333333333333333	14276.333333333334	3
b.138.1	0.4719478882118092	3.5018910211514215e-05	0.0	0.0	1.0	14277.0	1
b.139.1	0.4719459232277949	7.003782042302843e-05	0.0	0.0	2.0	14276.0	1
b.14.1	0.5199648241846475	0.09182677701699024	1.0	1.0	11.0	14266.0	1
b.140.1	0.4812979371465347	0.16670168721209147	0.0	0.0	1.0	14276.333333333334	3
b.141.1	0.471946905719802	5.252836531727132e-05	0.0	0.0	1.5	14276.5	2
b.142.1	0.4719459232277949	3.502136303144918e-05	0.0	0.0	1.0	14276.0	2
b.144.1	0.4719478882118092	3.5018910211514215e-05	0.0	0.0	1.0	14277.0	1
b.145.1	0.4719478882118092	3.5018910211514215e-05	0.0	0.0	1.0	14277.0	1
b.149.1	0.4719419924337957	3.5026269702276706e-05	0.0	0.0	1.0	14274.0	1
b.15.1	0.5389591139560472	0.11407078536004783	0.8333333333333334	0.8333333333333334	8.25	14266.0	12
b.150.1	0.47195718160671535	5.6034672032880244e-05	0.0	0.0	1.6	14274.6	5
b.151.1	0.4719478882118092	3.5018910211514215e-05	0.0	0.0	1.0	14277.0	1
b.152.1	0.4719478882118092	3.5018910211514215e-05	0.0	0.0	1.0	14277.0	1
b.153.1	0.4719478882118092	3.5018910211514215e-05	0.0	0.0	1.0	14277.0	1
b.156.1	0.4719459232277949	7.003782042302843e-05	0.0	0.0	2.0	14276.0	1
b.157.1	0.4719459232277949	3.502136303144918e-05	0.0	0.0	1.0	14276.0	2
b.16.1	0.471977021157349	0.00010506408909434755	0.0	0.0	3.0	14274.0	1
b.162.1	0.4719478882118092	3.5018910211514215e-05	0.0	0.0	1.0	14277.0	1
b.163.1	0.4719478882118092	3.5018910211514215e-05	0.0	0.0	1.0	14277.0	1
b.165.1	0.4719478882118092	3.5018910211514215e-05	0.0	0.0	1.0	14277.0	1
b.166.1	0.47196539889332495	3.5018910211514215e-05	0.0	0.0	1.0	14277.0	2
b.167.1	0.4719478882118092	3.5018910211514215e-05	0.0	0.0	1.0	14277.0	1
b.17.1	0.475919610559532	0.0035546760899608483	0.2	0.2	17.4	14259.2	5
b.178.1	0.4719400266236951	0.00010507144858503782	0.0	0.0	3.0	14273.0	1
b.179.1	0.47194133688838075	0.00012840757675905052	0.0	0.0	3.6666666666666665	14273.666666666666	6
b.18.1	0.4933083397405153	0.008104484831030464	0.17721518987341772	0.4810126582278481	69.10126582278481	14200.886075949367	79
b.180.1	0.47205295230090355	3.5018910211514215e-05	0.0	0.0	1.0	14277.0	1
b.183.1	0.4719400266236951	0.00014008545212579673	0.0	0.0	4.0	14273.0	1
b.19.1	0.547948055360897	0.06357866165837686	0.0	0.0	6.125	14270.0	8
b.2.1	0.4720488181244301	0.0007353971144417985	0.0	0.0	21.0	14257.0	1
b.2.10	0.47193609417700233	0.00017511908097506306	0.0	0.0	5.0	14271.0	1
b.2.2	0.5128001145939703	0.005577416134365964	0.045454545454545456	0.045454545454545456	12.454545454545455	14257.0	22
b.2.3	0.5119629257872336	0.005109018221628827	0.045454545454545456	0.13636363636363635	15.181818181818182	14257.5	22
b.2.5	0.5936884773025	0.026215870106486436	0.18181818181818182	0.2727272727272727	8.363636363636363	14268.818181818182	11
b.2.7	0.4719478882118092	3.5018910211514215e-05	0.0	0.0	1.0	14277.0	1
b.20.1	0.4719380605381166	0.00021011346126908532	0.0	0.0	6.0	14272.0	1
b.21.1	0.47194914355823386	0.000185146582457758	0.0	0.0	5.285714285714286	14270.0	7
b.22.1	0.49004458691128405	0.05611060813632597	0.38095238095238093	0.38095238095238093	10.0	14258.57142857143	21
b.23.1	0.4719428871758935	0.00014448704471664567	0.0	0.0	4.125	14270.0	8
b.23.3	0.4720801513346879	3.502872355331372e-05	0.0	0.0	1.0	14273.0	1
b.24.1	0.5248360798763066	0.1001657058825433	0.16666666666666666	0.16666666666666666	1.6666666666666667	14273.666666666666	6
b.24.2	0.47196539889332495	3.5018910211514215e-05	0.0	0.0	1.0	14277.0	2
b.25.1	0.484379906757501	0.0008066694014886937	0.0	0.0	11.0	14267.0	2
b.26.1	0.4849150632056147	0.018568648098590348	0.2857142857142857	0.2857142857142857	13.19047619047619	14257.0	21
b.28.1	0.4826783070088844	0.005168884406157155	0.0	1.0	96.0	14182.0	1
b.29.1	0.4861065675179854	0.020130624074521614	0.2916666666666667	0.375	76.14583333333333	14182.0	96
b.3.1	0.4719373228083514	0.00017511018885849543	0.0	0.0	5.0	14271.625	8
b.3.2	0.4719634351358924	5.252959172723881e-05	0.0	0.0	1.5	14276.0	2
b.3.3	0.471977021157349	0.00014007564084605686	0.0	0.0	4.0	14274.0	1
b.3.4	0.8944016255605381	0.8000140114894213	0.8	0.8	1.2	14273.6	5
b.3.5	0.5060736724067715	0.07374122599321006	0.0	0.14285714285714285	2.857142857142857	14272.42857142857	7
b.3.6	0.4719439579684764	7.004272606289837e-05	0.0	0.0	2.0	14275.0	3
b.3.8	0.4720801513346879	0.00010507144858503782	0.0	0.0	3.0	14273.0	1
b.30.2	0.5140433501503773	0.0020084010050126157	0.0	0.0	23.0	14254.0	1
b.30.5	0.509784923184113	0.0062791893292282845	0.041666666666666664	0.041666666666666664	22.291666666666668	14254.0	24
b.32.1	0.47191838451830037	0.00038534295523015485	0.0	0.0	11.0	14262.0	1
b.33.1	0.47193202788578964	0.00038943742766195345	0.0	0.0	11.117647058823529	14262.64705882353	17
b.34.1	0.5771772538571904	0.05869335407235667	0.16666666666666666	0.16666666666666666	9.833333333333334	14262.166666666666	6
b.34.10	0.47193862223749933	7.00476341577732e-05	0.0	0.0	2.0	14272.285714285714	7
b.34.11	0.4719427785925955	0.00011206247493279345	0.0	0.0	3.2	14274.4	5
b.34.12	0.48072450429615654	0.0008711424055164676	0.0	0.0	7.666666666666667	14270.0	3
b.34.13	0.48709808267917026	0.015256412685320152	0.19047619047619047	0.23809523809523808	11.761904761904763	14258.809523809523	21
b.34.14	0.4719439579684764	5.8368121008189296e-05	0.0	0.0	1.6666666666666667	14275.0	3
b.34.2	0.492619754071028	0.047368962478333936	0.5774647887323944	0.5774647887323944	34.08450704225352	14208.94366197183	71
b.34.21	0.4719459232277949	7.003782042302843e-05	0.0	0.0	2.0	14276.0	1
b.34.3	0.5049536593298974	0.010603748138583316	0.0	0.25	2.25	14274.75	4
b.34.4	0.5765131684898581	0.0712804185844802	0.2	0.2	5.4	14271.8	5
b.34.5	0.5008609273389764	0.020493415059822072	0.25	0.25	13.0625	14263.5625	16
b.34.6	0.47194418858411163	0.0001450906069935968	0.0	0.0	4.142857142857143	14272.57142857143	7
b.34.7	0.4719634351358924	5.252959172723881e-05	0.0	0.0	1.5	14276.0	2
b.34.8	0.4719144460028051	0.000350385423966363	0.0	0.0	10.0	14260.0	1
b.34.9	0.4719193797271483	0.0004443105608343598	0.0	0.0	12.68421052631579	14260.631578947368	19
b.35.1	0.4719459232277949	3.502136303144918e-05	0.0	0.0	1.0	14276.0	2
b.35.2	0.47177788739341836	0.0016855116230072337	0.0	0.0	48.0	14191.0	1
b.36.1	0.4721233021469518	0.00743777335434239	0.0	0.0	50.02272727272727	14191.954545454546	88
b.37.1	0.4719501800957791	0.00021895345860365194	0.0	0.0	6.25	14269.25	4
b.38.1	0.5128208498090998	0.06728841276154401	0.5769230769230769	0.6153846153846154	19.576923076923077	14252.0	26
b.4.1	0.6832153950349145	0.400313147426606	0.6	0.6	3.0	14273.0	5
b.40.1	0.6441821205654574	0.0035732400341196846	0.0	0.0	14.0	14259.0	1
b.40.14	0.4719439579684764	7.004272606289837e-05	0.0	0.0	2.0	14275.0	1
b.40.15	0.4719439579684764	7.879622720580943e-05	0.0	0.0	2.25	14275.0	4
b.40.16	0.4719789842381787	3.502381619501261e-05	0.0	0.0	1.0	14275.0	3
b.40.17	0.4719439579684764	0.00010505673063454266	0.0	0.0	3.0	14275.0	1
b.40.2	0.5899053547702977	0.06387339095127738	0.2	0.25	12.4	14259.7	20
b.40.3	0.4782391152370604	0.003302301033663914	0.0	0.16666666666666666	23.833333333333332	14252.5	6
b.40.4	0.5130522539687931	0.018804726173296343	0.203125	0.46875	104.0390625	14150.0	128
b.40.5	0.47192822597602857	0.00035021363031449183	0.0	0.0	10.0	14267.0	1
b.40.6	0.47193245583120774	0.00027436099821980783	0.0	0.0	7.833333333333333	14267.666666666666	12
b.40.7	0.6479976649153532	0.3335883618173752	0.6666666666666666	0.6666666666666666	2.0	14275.0	3
b.41.1	0.4719380568168186	0.00016637049234639672	0.0	0.0	4.75	14272.0	4
b.42.1	0.47663910310591595	0.00932107214342957	0.0625	0.0625	10.3125	14262.8125	16
b.42.2	0.5300901499241845	0.09646636379139521	0.7777777777777778	0.7777777777777778	10.166666666666666	14260.0	18
b.42.3	0.5126047700721659	0.07792031523642733	1.0	1.0	13.0	14262.0	1
b.42.4	0.5971841162518737	0.238037834402094	0.9411764705882353	0.9411764705882353	8.0	14262.70588235294	17
b.42.5	0.47196300966792765	7.004370780944691e-05	0.0	0.0	2.0	14274.0	5
b.42.6	0.4719419924337957	0.00011381697703227488	0.0	0.0	3.25	14274.0	4
b.43.2	0.47193967029112593	0.00045556490047659096	0.0	0.0	13.0	14255.0	1
b.43.3	0.4876758505253613	0.016049681153599445	0.25	0.3333333333333333	16.875	14255.041666666666	24
b.43.4	0.5533244175905554	0.1486818992770165	0.782608695652174	0.782608695652174	15.043478260869565	14256.739130434782	23
b.43.5	0.4719400266236951	0.0001284133000055895	0.0	0.0	3.6666666666666665	14273.0	6
b.44.1	0.4719470328592448	9.806570449305075e-05	0.0	0.0	2.8	14273.0	5
b.44.2	0.4914895222630767	0.038550529842605576	1.0	1.0	27.0	14233.0	1
b.45.1	0.4977763891790625	0.042448243400025884	0.8695652173913043	0.8695652173913043	29.782608695652176	14233.934782608696	46
b.45.2	0.4719459232277949	5.252959172723881e-05	0.0	0.0	1.5	14276.0	2
b.45.3	0.4719750578014433	7.005253940455341e-05	0.0	0.0	2.0	14273.0	1
b.46.1	0.4805374169883044	0.01010288314859348	0.0	0.16666666666666666	9.5	14265.0	6
b.47.1	0.50543590198674	0.10159458935313734	0.9245283018867925	0.9433962264150944	40.24528301886792	14225.0	53
b.48.1	0.4719419924337957	7.004763239002522e-05	0.0	0.0	2.0	14274.0	1
b.49.1	0.4719682639764607	0.00010506163661804104	0.0	0.0	3.0	14274.0	4
b.49.4	0.5096674013223802	0.07246357743686901	1.0	1.0	14.0	14260.0	1
b.5.1	0.5248242901321339	0.10351156433978133	1.0	1.0	40.0	14228.0	1
b.50.1	0.4873962097825469	0.026950901523912482	0.3888888888888889	0.3888888888888889	11.777777777777779	14260.0	18
b.51.1	0.4719711302641721	0.00024513237148059955	0.0	0.0	7.0	14271.0	1
b.52.1	0.49048350482695857	0.010112244695620179	0.125	0.125	6.875	14270.125	8
b.52.2	0.5893594462519268	0.17826579011410637	0.8666666666666667	0.9333333333333333	9.4	14264.733333333334	15
b.53.1	0.5279315041836933	0.0003441408041885813	0.0	0.0	1.6666666666666667	14275.0	3
b.54.1	0.48322652302974306	0.002106439286978086	0.0	0.0	43.0	14196.0	1
b.55.1	0.4983071829134448	0.014923692868322966	0.18292682926829268	0.2804878048780488	59.6219512195122	14196.0	82
b.56.1	0.4719459232277949	3.502136303144918e-05	0.0	0.0	1.0	14276.0	1
b.57.1	0.47195628920431293	5.836893861483428e-05	0.0	0.0	1.6666666666666667	14275.333333333334	3
b.58.1	0.5583403390780439	0.005637966905856054	0.0	0.25	2.5	14274.0	4
b.59.1	0.4879580170555711	0.032031790390860466	1.0	1.0	33.0	14228.0	1
b.6.1	0.5260521357192147	0.09234976541036849	0.84	0.86	36.96	14228.0	50
b.6.2	0.4720019647744018	0.0006307379634171982	0.0	0.0	18.0	14251.0	1
b.60.1	0.5030704786417183	0.038896686666543105	0.5686274509803921	0.7843137254901961	37.19607843137255	14228.882352941177	51
b.61.1	0.4719403542587119	8.7559949806393e-05	0.0	0.0	2.5	14273.166666666666	6
b.61.2	0.4719419924337957	0.00011381697703227488	0.0	0.0	3.25	14274.0	4
b.61.5	0.4719439579684764	7.004272606289837e-05	0.0	0.0	2.0	14275.0	1
b.61.6	0.4719439579684764	7.004272606289837e-05	0.0	0.0	2.0	14275.0	3
b.61.8	0.47193412754029435	0.00017513134851138354	0.0	0.0	5.0	14270.0	1
b.62.1	0.47193412754029435	0.00023201837163134756	0.0	0.0	6.625	14270.0	8
b.64.1	0.4720140105078809	7.004272606289837e-05	0.0	0.0	2.0	14275.0	1
b.65.1	0.7343752026413544	0.14239788669408215	0.25	0.25	7.75	14264.5	4
b.7.1	0.5060773227236018	0.032010794150836304	0.5357142857142857	0.5357142857142857	18.642857142857142	14251.857142857143	28
b.7.2	0.4719536970967352	6.128677210005233e-05	0.0	0.0	1.75	14275.5	4
b.7.3	0.4719478882118092	3.5018910211514215e-05	0.0	0.0	1.0	14277.0	1
b.7.5	0.47197898423817863	3.502381619501261e-05	0.0	0.0	1.0	14275.0	1
b.71.1	0.514540271917361	0.04341097767896845	0.2826086956521739	0.41304347826086957	25.956521739130434	14233.804347826086	46
b.72.1	0.48853363700070074	0.031424108258932194	0.125	0.125	1.875	14270.0	8
b.73.1	0.4719262582363662	0.0003502381619501261	0.0	0.0	10.0	14266.0	1
b.74.1	0.4719525445114258	0.000145975521910743	0.0	0.0	4.166666666666667	14266.0	12
b.77.1	0.4720100889791915	7.005253940455341e-05	0.0	0.0	2.0	14273.0	1
b.77.2	0.5600087342996114	0.1669447883589027	0.3333333333333333	0.3333333333333333	2.6666666666666665	14273.166666666666	6
b.77.3	0.559995446265938	0.16694491513345033	0.5	0.5	2.5	14274.0	4
b.77.4	0.471977021157349	0.00014007564084605686	0.0	0.0	4.0	14274.0	1
b.78.1	0.8055224334245166	0.7114735553713148	0.8	0.8	4.4	14270.6	5
b.8.1	0.5280949601089705	0.0003539342081767418	0.0	0.0	1.6666666666666667	14275.0	3
b.80.1	0.5416228272266409	0.05184379506889339	0.7619047619047619	0.8571428571428571	19.333333333333332	14257.0	21
b.80.4	0.4719459232277949	3.502136303144918e-05	0.0	0.0	1.0	14276.0	1
b.80.5	0.4719459232277949	5.252959172723881e-05	0.0	0.0	1.5	14276.0	2
b.80.7	0.4719439579684764	3.502381619501261e-05	0.0	0.0	1.0	14275.0	1
b.80.8	0.4719428737635303	0.0002451348244723487	0.0	0.0	7.0	14270.0	4
b.81.1	0.4743476735851646	0.044058560756001446	0.0	0.0	16.565217391304348	14255.0	23
b.81.4	0.47182355424229633	0.0021366024518388793	0.0	0.0	61.0	14214.0	1
b.82.1	0.4722548509930675	0.0021972968356600707	0.0	0.015384615384615385	57.707692307692305	14214.353846153846	65
b.82.2	0.513895050740223	0.030364429847611934	0.47619047619047616	0.6904761904761905	35.95238095238095	14237.261904761905	42
b.82.3	0.49390390074240437	0.0424945548006571	0.6	0.6	16.533333333333335	14248.0	30
b.82.4	0.4719459232277949	7.003782042302843e-05	0.0	0.0	2.0	14276.0	1
b.82.5	0.4719459232277949	3.502136303144918e-05	0.0	0.0	1.0	14276.0	2
b.82.7	0.4719478882118092	3.5018910211514215e-05	0.0	0.0	1.0	14277.0	1
b.83.1	0.47197604641844837	5.254308739275262e-05	0.0	0.0	1.5	14273.5	2
b.84.1	0.5187778932254732	0.0638586649859097	0.2222222222222222	0.2222222222222222	3.3333333333333335	14269.888888888889	9
b.84.2	0.5577993749184164	0.0013210482529703448	0.0	0.0	5.1	14269.7	10
b.84.3	0.471943957693095	9.33845781706829e-05	0.0	0.0	2.6666666666666665	14275.0	3
b.84.4	0.4719400266236951	3.502872355331372e-05	0.0	0.0	1.0	14273.0	5
b.84.5	0.4719459232277949	3.502136303144918e-05	0.0	0.0	1.0	14276.0	1
b.85.1	0.4719459232277949	5.252959172723881e-05	0.0	0.0	1.5	14276.0	2
b.85.3	0.4719924284913068	0.00024525261018849414	0.0	0.0	7.0	14264.0	1
b.85.4	0.5379977565900169	0.1256959755968188	0.5	0.5	7.5	14264.0	14
b.85.5	0.4719439579684764	3.502381619501261e-05	0.0	0.0	1.0	14275.0	1
b.85.6	0.4719507510424003	8.755586099990773e-05	0.0	0.0	2.5	14274.0	4
b.85.7	0.48514158818502134	0.025250663946119654	0.125	0.125	5.5	14271.25	8
b.86.1	0.5599822975078244	0.16696819932135898	0.5	0.5	3.1666666666666665	14273.166666666666	6
b.87.1	0.6568000412804867	0.350434645074012	0.8	0.8	3.6	14273.6	5
b.88.1	0.47193918377949917	0.0001650965065998005	0.0	0.0	4.714285714285714	14272.57142857143	7
b.88.2	0.4719562875685268	8.171160810017815e-05	0.0	0.0	2.3333333333333335	14275.333333333334	3
b.89.1	0.4719419924337957	3.5026269702276706e-05	0.0	0.0	1.0	14274.0	4
b.9.1	0.5846683297766823	0.086130583495527	1.0	1.0	14.0	14259.0	1
b.90.1	0.4719809470439899	3.502136303144918e-05	0.0	0.0	1.0	14276.0	1
b.91.1	0.4719459232277949	5.252959172723881e-05	0.0	0.0	1.5	14276.0	2
b.95.1	0.4719400266236951	0.0001750945510575711	0.0	0.0	5.0	14273.0	1
b.96.1	0.47194133688838075	3.5027087996347136e-05	0.0	0.0	1.0	14273.666666666666	6
b.97.1	0.47194494032280243	5.253327130076972e-05	0.0	0.0	1.5	14275.5	2
b.98.1	0.4719427785925955	7.704896120003894e-05	0.0	0.0	2.2	14274.4	5
c.1.1	0.4766058510824634	0.08361352549879407	0.0	0.0	8.0	14267.5	6
c.1.10	0.5058867127904384	0.02404888053950827	0.4	0.8	42.98461538461538	14214.338461538462	65
c.1.11	0.4718682444271893	0.0006043042098776118	0.0	0.0	17.232558139534884	14236.581395348838	43
c.1.12	0.47191641539863965	0.0004718292317052319	0.0	0.0	13.470588235294118	14261.0	17
c.1.13	0.4719419924337957	3.5026269702276706e-05	0.0	0.0	1.0	14274.0	1
c.1.14	0.4815465587839661	0.018414386293388627	0.2	0.2	3.6	14272.4	5
c.1.15	0.5169472826437655	0.0803048321011325	0.8461538461538461	0.9230769230769231	11.0	14265.923076923076	13
c.1.16	0.5220052092948804	0.09550673044485532	0.7857142857142857	0.7857142857142857	9.214285714285714	14265.285714285714	14
c.1.17	0.47193448400112253	0.0002591747692852795	0.0	0.0	7.4	14268.4	10
c.1.18	0.4829243738249529	0.021168050614033523	0.0625	0.0625	8.875	14263.6875	16
c.1.19	0.5802478866003455	0.09948042444968629	0.25	0.5	3.75	14274.0	4
c.1.2	0.47259797239045626	0.013732542653194551	0.0	0.0	26.025641025641026	14240.923076923076	39
c.1.20	0.47196720162590233	0.00031517019190362795	0.0	0.0	9.0	14269.0	1
c.1.21	0.6083729570389902	0.25884595986242037	0.9	0.9	4.1	14269.4	10
c.1.22	0.47194652037745	8.172305596781812e-05	0.0	0.0	2.3333333333333335	14273.333333333334	6
c.1.23	0.4719449405293096	7.879377438587448e-05	0.0	0.0	2.25	14275.5	4
c.1.24	0.4719478882118092	3.5018910211514215e-05	0.0	0.0	1.0	14277.0	1
c.1.27	0.4719459232277949	7.003782042302843e-05	0.0	0.0	2.0	14276.0	1
c.1.28	0.4719809470439899	7.003782042302843e-05	0.0	0.0	2.0	14276.0	2
c.1.3	0.47194187004596005	0.0001285213640967941	0.0	0.0	3.6666666666666665	14268.0	3
c.1.30	0.4719478882118092	3.5018910211514215e-05	0.0	0.0	1.0	14277.0	1
c.1.31	0.4719478882118092	3.5018910211514215e-05	0.0	0.0	1.0	14277.0	1
c.1.34	0.47197898423817863	3.502381619501261e-05	0.0	0.0	1.0	14275.0	1
c.1.4	0.48048544362265794	0.016764532497505764	0.3076923076923077	0.3076923076923077	11.384615384615385	14252.0	26
c.1.5	0.9999999999999999	1.0	1.0	1.0	1.0	14269.0	1
c.1.6	0.9002583106112911	0.8112367221535802	0.9	0.9	2.9	14268.1	10
c.1.7	0.47358529193377635	0.003663954341431268	0.05263157894736842	0.05263157894736842	13.473684210526315	14254.263157894737	19
c.1.8	0.507110156139573	0.06131426124325917	0.8046875	0.875	101.5	14151.5390625	128
c.1.9	0.4828293549986163	0.019449046536320517	0.7966101694915254	0.9152542372881356	49.32203389830509	14219.898305084746	59
c.10.1	0.47559406348206723	0.007297424059296849	0.2	0.2	8.2	14268.6	5
c.10.2	0.5218799861428385	0.08074669365178723	0.8387096774193549	0.8387096774193549	22.096774193548388	14247.0	31
c.100.1	0.5	0.5002101281781887	0.0	0.0	6.0	14271.0	1
c.101.1	0.47594522358028774	0.07151864318730958	0.0	0.0	2.5714285714285716	14271.0	7
c.103.1	0.4719478882118092	3.5018910211514215e-05	0.0	0.0	1.0	14277.0	1
c.104.1	0.4719478882118092	3.5018910211514215e-05	0.0	0.0	1.0	14277.0	1
c.105.1	0.4719478882118092	3.5018910211514215e-05	0.0	0.0	1.0	14277.0	1
c.106.1	0.471946905719802	5.252836531727132e-05	0.0	0.0	1.5	14276.5	2
c.107.1	0.4718819496178341	0.00117912860392076	0.0	0.0	33.666666666666664	14243.666666666666	3
c.108.1	0.4720396717011429	0.007642847815726338	0.0	0.0	73.92929292929293	14179.0	99
c.109.1	0.4719419924337957	0.00010506408909434755	0.0	0.0	3.0	14274.0	1
c.110.1	0.545817458512127	0.13344890105305154	0.2	0.2	3.2	14274.2	5
c.111.1	0.4719439579684764	3.502381619501261e-05	0.0	0.0	1.0	14275.0	3
c.113.1	0.47193412754029435	0.00014011489421325487	0.0	0.0	4.0	14270.0	1
c.114.1	0.47193850735809395	0.00018387994375692002	0.0	0.0	5.25	14270.0	8
c.115.1	0.4719144460028051	0.0005603810591202018	0.0	0.0	16.0	14260.0	1
c.116.1	0.4719183419043167	0.0005448228331955888	0.0	0.0	15.555555555555555	14260.0	18
c.118.1	0.47192035336184535	0.0004902990824402886	0.0	0.0	14.0	14263.0	1
c.119.1	0.4773759609650972	0.0003160105872464621	0.0	0.0	6.0	14263.25	16
c.12.1	0.4719459232277949	7.003782042302843e-05	0.0	0.0	2.0	14276.0	1
c.120.1	0.519693677505411	0.026227307597099982	0.18181818181818182	0.2727272727272727	7.636363636363637	14267.0	11
c.121.1	0.47193412754029435	0.0002451495412201443	0.0	0.0	7.0	14270.0	1
c.122.1	0.4719347829940055	9.341020464701326e-05	0.0	0.0	2.6666666666666665	14270.333333333334	9
c.123.1	0.47194350810514457	0.0002568294618062026	0.0	0.0	7.333333333333333	14268.833333333334	6
c.124.1	0.49165482832590496	0.01164116836933536	0.23333333333333334	0.3	25.566666666666666	14248.0	30
c.128.1	0.4719301934398654	0.00024518388791593696	0.0	0.0	7.0	14268.0	1
c.129.1	0.4719301934398654	0.00029768796608886823	0.0	0.0	8.5	14268.0	10
c.13.1	0.47194461296312845	4.669678615097453e-05	0.0	0.0	1.3333333333333333	14275.333333333334	3
c.13.2	0.47355653837103356	0.0037323227560969825	0.2	0.2	15.4	14261.6	5
c.130.1	0.4719478882118092	3.5018910211514215e-05	0.0	0.0	1.0	14277.0	1
c.131.1	0.4719478882118092	3.5018910211514215e-05	0.0	0.0	1.0	14277.0	1
c.132.1	0.4719459232277949	3.502136303144918e-05	0.0	0.0	1.0	14276.0	1
c.133.1	0.4719575978331932	4.669351549530893e-05	0.0	0.0	1.3333333333333333	14276.0	3
c.134.1	0.4719556322984933	7.004354401317181e-05	0.0	0.0	2.0	14275.0	3
c.135.1	0.4719400266236951	0.00010507144858503783	0.0	0.0	3.0	14273.0	5
c.138.1	0.4719439579684764	0.00010505673063454266	0.0	0.0	3.0	14275.0	1
c.14.1	0.4926337905082047	0.03750249353225639	0.7014925373134329	0.7164179104477612	29.492537313432837	14212.880597014926	67
c.140.1	0.4719449405293096	3.502258969913801e-05	0.0	0.0	1.0	14275.5	4
c.141.1	0.4719478882118092	3.5018910211514215e-05	0.0	0.0	1.0	14277.0	1
c.142.1	0.4719478882118092	3.5018910211514215e-05	0.0	0.0	1.0	14277.0	1
c.143.1	0.4719478882118092	3.5018910211514215e-05	0.0	0.0	1.0	14277.0	1
c.148.1	0.4719439579684764	7.004272606289837e-05	0.0	0.0	2.0	14275.0	1
c.149.1	0.4719439579684764	7.879622720580943e-05	0.0	0.0	2.25	14275.0	4
c.15.1	0.4719360941770023	0.000225129975313797	0.0	0.0	6.428571428571429	14271.0	7
c.150.1	0.4719439579684764	8.171406092011312e-05	0.0	0.0	2.3333333333333335	14275.0	3
c.155.1	0.648008033253935	0.33382004272606286	1.0	1.0	3.0	14274.0	1
c.16.1	0.7328008967353229	0.0030645249832144993	0.0	0.0	2.0	14274.0	1
c.17.1	0.6021706012089467	0.004404096975109702	0.0	0.0	3.6	14273.4	5
c.18.1	0.5053644060208157	0.06277151486964551	0.0	0.0	5.5	14271.625	8
c.19.1	0.6039857102829924	0.2502085832966531	0.5	0.5	2.0	14276.0	2
c.22.1	0.4785799287768236	0.016012169538284684	1.0	1.0	79.0	14179.0	1
c.23.1	0.5305643976896212	0.12193860587343672	0.94	0.95	41.48	14179.96	100
c.23.10	0.5365464923025854	0.12071165192867146	0.9473684210526315	0.9473684210526315	14.473684210526315	14260.894736842105	19
c.23.11	0.4719478882118092	3.5018910211514215e-05	0.0	0.0	1.0	14277.0	2
c.23.13	0.4719595092379907	0.00010506899559328863	0.0	0.0	3.0	14274.0	2
c.23.14	0.5369150224731473	0.041779907445949456	0.2857142857142857	0.2857142857142857	5.571428571428571	14271.0	7
c.23.15	0.47186907354077406	0.000981423063441991	0.0	0.0	28.0	14237.0	1
c.23.16	0.47186993012024664	0.0010888509837840912	0.0	0.0	31.073170731707318	14237.0	41
c.23.17	0.4719419924337957	0.00014007564084605686	0.0	0.0	4.0	14274.0	1
c.23.2	0.4719439579684764	3.502381619501261e-05	0.0	0.0	1.0	14275.0	3
c.23.4	0.4719491644431962	0.0010510089686098655	0.0	0.0	30.0	14242.0	1
c.23.5	0.506242288444629	0.06681500401536432	0.8333333333333334	0.8333333333333334	27.72222222222222	14242.0	36
c.23.8	0.5013187626616799	0.056741154806929074	1.0	1.0	18.0	14260.0	1
c.24.1	0.4911523549728868	0.03671502501230648	0.2	0.2	4.6	14272.0	5
c.25.1	0.5628243393248517	0.17253747382534054	1.0	1.0	12.333333333333334	14261.866666666667	15
c.26.1	0.5177066290533384	0.06334221205557593	0.7446808510638298	0.8936170212765957	31.5531914893617	14232.170212765957	47
c.26.2	0.531208597992826	0.018732093073215272	0.2631578947368421	0.42105263157894735	30.81578947368421	14240.0	38
c.26.3	0.4719459232277949	3.502136303144918e-05	0.0	0.0	1.0	14276.0	1
c.32.1	0.47193280403738513	0.00025685276926591167	0.0	0.0	7.333333333333333	14269.333333333334	3
c.33.1	0.4719095453921687	0.00020571071940762696	0.0	0.0	5.869565217391305	14256.739130434782	23
c.34.1	0.47193831685638815	0.00022183631462413048	0.0	0.0	6.333333333333333	14269.166666666666	6
c.36.1	0.4870088535575544	0.02928774955206021	0.034482758620689655	0.034482758620689655	33.62068965517241	14239.51724137931	29
c.37.1	0.7126367708813781	0.45364133053950806	0.9009009009009009	0.9279279279279279	279.79879879879877	13946.984984984985	333
c.38.1	0.4719423855407318	4.202956097440104e-05	0.0	0.0	1.2	14274.2	5
c.39.1	0.4719439579684764	7.004272606289837e-05	0.0	0.0	2.0	14275.0	3
c.40.1	0.4719301934398654	0.00014013452914798206	0.0	0.0	4.0	14268.0	1
c.41.1	0.4767273160165605	0.0007253302280735342	0.0	0.09090909090909091	6.363636363636363	14267.636363636364	11
c.42.1	0.5261908936494978	0.020741231939526903	0.13333333333333333	0.3333333333333333	9.4	14263.533333333333	15
c.43.1	0.4988335249716364	0.0201175503210501	0.2727272727272727	0.4090909090909091	16.772727272727273	14257.40909090909	22
c.44.1	0.4719274685592454	0.0001428284886171741	0.0	0.0	4.076923076923077	14266.615384615385	13
c.44.2	0.4719415992717756	0.00011206787134282748	0.0	0.0	3.2	14273.8	5
c.44.3	0.4719353696573299	0.00026273997633645586	0.0	0.0	7.5	14267.666666666666	6
c.45.1	0.49753272414957084	0.049724936470586296	0.8157894736842105	0.8157894736842105	21.57894736842105	14241.447368421053	38
c.46.1	0.4887108382782705	0.03273400247935602	0.3333333333333333	0.3333333333333333	19.047619047619047	14248.761904761905	21
c.47.1	0.48830795517337566	0.03774960136614645	0.8878504672897196	0.9485981308411215	140.8785046728972	14064.0	214
c.47.2	0.47193609417700233	0.00024513237148059955	0.0	0.0	7.0	14271.0	1
c.48.1	0.4719455886399898	0.00016635914087915682	0.0	0.0	4.75	14271.375	8
c.49.1	0.5247972265103269	0.10017387581618722	0.2	0.2	1.8	14274.2	5
c.49.2	0.4719390410315623	0.00015759613364152133	0.0	0.0	4.5	14272.5	4
c.50.1	0.47192693424812676	0.00030774797977060854	0.0	0.0	8.785714285714286	14265.07142857143	14
c.51.1	0.4913012621850801	0.024690384697129125	0.23076923076923078	0.3076923076923077	6.769230769230769	14266.846153846154	13
c.51.2	0.4719644164013178	5.252836531727132e-05	0.0	0.0	1.5	14276.5	2
c.51.3	0.5071557264405809	0.06690317452838222	0.3333333333333333	0.3333333333333333	2.3333333333333335	14274.0	3
c.51.4	0.5385170562618881	0.1113526707482386	0.625	0.625	6.375	14270.0	8
c.51.5	0.4719478882118092	3.5018910211514215e-05	0.0	0.0	1.0	14277.0	1
c.51.6	0.5153318636612056	0.01479720588430792	0.5	0.5	24.0	14254.0	2
c.52.1	0.5674145982443445	0.010888681848519786	0.0851063829787234	0.2127659574468085	46.361702127659576	14231.0	47
c.52.4	0.4719439579684764	0.00010505673063454266	0.0	0.0	3.0	14275.0	1
c.53.1	0.47196581378624747	0.00010507696897638205	0.0	0.0	3.0	14272.75	4
c.53.2	0.6547619094539902	0.3467288116521109	0.6923076923076923	0.6923076923076923	5.461538461538462	14266.23076923077	13
c.54.1	0.47191414558079925	0.0004904806879202021	0.0	0.0	14.0	14259.9	10
c.55.1	0.47203590069121176	0.007682486900352043	0.0	0.0	76.5	14178.0	100
c.55.2	0.492246361527104	0.0030169484665221874	0.0	0.0	50.0	14223.0	1
c.55.3	0.5054445749322128	0.006811368178490463	0.125	0.14285714285714285	45.357142857142854	14223.875	56
c.55.4	0.519464246837115	0.024213010826093943	0.14285714285714285	0.14285714285714285	4.142857142857143	14272.285714285714	7
c.55.5	0.4719419924337957	0.00011381697703227488	0.0	0.0	3.25	14274.0	4
c.55.6	0.4719459232277949	3.502136303144918e-05	0.0	0.0	1.0	14276.0	1
c.55.7	0.6479639488185299	0.3333683530611515	0.3333333333333333	0.3333333333333333	1.3333333333333333	14276.333333333334	3
c.56.1	0.7359562381653691	0.5001576955424727	0.5	0.5	5.0	14268.0	2
c.56.2	0.4719140504126254	0.0003363891638677429	0.0	0.0	9.6	14259.8	20
c.56.3	0.47194444928330603	4.3777317252016566e-05	0.0	0.0	1.25	14275.25	4
c.56.4	0.47193543081946493	0.00021014126172770004	0.0	0.0	6.0	14270.666666666666	3
c.56.5	0.4719163939535609	0.0005759267587981775	0.0	0.0	16.444444444444443	14260.0	18
c.56.8	0.47196523689374825	0.0002101723413198823	0.0	0.0	6.0	14268.0	1
c.57.1	0.5160662709342284	0.0728144286473117	0.5454545454545454	0.5454545454545454	7.7272727272727275	14267.272727272728	11
c.58.1	0.5852880726950882	0.06973736773813462	0.21052631578947367	0.3684210526315789	14.052631578947368	14260.631578947368	19
c.59.1	0.5386075927337804	0.12673279249104388	0.7142857142857143	0.7142857142857143	5.714285714285714	14270.857142857143	7
c.6.1	0.5159655856216941	0.08361246695827321	0.25	0.25	5.25	14271.75	4
c.6.2	0.4719220666892475	0.00045942732403607493	0.0	0.0	13.117647058823529	14262.823529411764	17
c.6.3	0.47194002414387276	0.0001517576045896565	0.0	0.0	4.333333333333333	14273.0	3
c.60.1	0.5675742077264443	0.1821572363531317	0.9333333333333333	0.9333333333333333	10.466666666666667	14262.533333333333	15
c.61.1	0.510821428897216	0.07277665166535077	0.5135135135135135	0.5135135135135135	20.027027027027028	14242.54054054054	37
c.62.1	0.4896263317941115	0.031191924603883075	0.4375	0.5	11.5	14262.0	16
c.64.1	0.47193609417700233	0.00010508617065994115	0.0	0.0	3.0	14271.0	1
c.65.1	0.4740509803586531	0.005184673615283268	0.125	0.125	22.75	14252.375	8
c.66.1	0.4919698138182869	0.04193916593143811	0.9363057324840764	0.9808917197452229	135.36942675159236	14122.089171974523	157
c.67.1	0.5410985521068321	0.1408591752518528	0.9929577464788732	0.9929577464788732	79.22535211267606	14136.0	142
c.67.3	0.48427945918462906	0.002131540135390137	0.0	0.0	42.0	14236.0	1
c.68.1	0.4867658857182591	0.0328811892035066	0.5813953488372093	0.6046511627906976	39.0	14233.46511627907	43
c.69.1	0.5382108384170486	0.1801538358131995	0.9736842105263158	0.9802631578947368	115.40789473684211	14127.947368421053	152
c.7.1	0.47192822597602857	0.00031202456838994773	0.0	0.0	8.909090909090908	14267.0	11
c.70.1	0.47194190833937455	0.0001488825125243955	0.0	0.0	4.25	14269.5	8
c.71.1	0.5062763600074309	0.06586015764455345	0.45	0.45	12.95	14257.45	20
c.72.1	0.47295750059451763	0.020463091787701032	0.0	0.0	24.392156862745097	14228.843137254902	51
c.72.2	0.515970385195944	0.08373789536807068	0.5	0.5	4.625	14271.625	8
c.72.3	0.4719503958333681	0.00018676833873472083	0.0	0.0	5.333333333333333	14272.333333333334	3
c.73.1	0.5355368978547588	0.15307450372289896	0.9285714285714286	0.9285714285714286	8.0	14265.357142857143	14
c.74.1	0.4836723884065197	0.022476175894653904	0.1111111111111111	0.1111111111111111	5.777777777777778	14270.222222222223	9
c.76.1	0.4996291167839151	0.05270171712477787	0.2857142857142857	0.2857142857142857	5.285714285714286	14270.714285714286	7
c.77.1	0.4719198610474012	0.0003218347053139578	0.0	0.0	9.1875	14262.75	16
c.78.1	0.4719171608317686	0.00024354122830202296	0.0	0.0	6.95	14259.6	20
c.78.2	0.6040016762184048	0.2504390994225455	0.5	0.5	4.625	14269.5	8
c.79.1	0.49354823004715065	0.0415025895825681	0.45	0.45	10.1	14259.15	20
c.8.1	0.4719400266236951	7.005253940455341e-05	0.0	0.0	2.0	14273.0	1
c.8.2	0.4719400266236951	0.00011206934406576049	0.0	0.0	3.2	14273.0	5
c.8.4	0.4719809470439899	7.003782042302843e-05	0.0	0.0	2.0	14276.0	1
c.8.5	0.4719459232277949	3.502136303144918e-05	0.0	0.0	1.0	14276.0	2
c.8.7	0.4719459232277949	3.502136303144918e-05	0.0	0.0	1.0	14276.0	1
c.8.8	0.4719634351358924	5.252959172723881e-05	0.0	0.0	1.5	14276.0	2
c.80.1	0.47191838451830037	0.00041814910587127137	0.0	0.0	11.9375	14262.0	16
c.81.1	0.47195310306093796	0.0009459743535841917	0.0	0.0	27.0	14244.0	1
c.82.1	0.5626000306515941	0.1713304644824807	0.7647058823529411	0.7941176470588235	13.441176470588236	14244.0	34
c.83.1	0.4719400266236951	0.00010507144858503782	0.0	0.0	3.0	14273.0	1
c.84.1	0.47194133688838075	9.339602552278389e-05	0.0	0.0	2.6666666666666665	14273.666666666666	6
c.85.1	0.471946905719802	5.252836531727132e-05	0.0	0.0	1.5	14276.5	2
c.86.1	0.47633345296237034	0.009014798152173898	0.3333333333333333	0.3333333333333333	14.0	14263.333333333334	3
c.87.1	0.4936020538265217	0.03552051657765109	0.7804878048780488	0.7804878048780488	26.24390243902439	14238.878048780487	41
c.88.1	0.4719419924337957	8.755586074218639e-05	0.0	0.0	2.5	14274.0	4
c.89.1	0.4719711302641721	3.5033632286995515e-05	0.0	0.0	1.0	14271.0	1
c.9.2	0.4719419924337957	7.004763239002522e-05	0.0	0.0	2.0	14274.0	1
c.90.1	0.48140095450583964	0.017989695960011747	0.125	0.125	2.0	14271.375	8
c.91.1	0.6820349353136239	0.27042173873244135	0.4	0.4	3.2	14274.0	5
c.92.1	0.4719360109121373	0.00036419813789170883	0.0	0.0	10.4	14267.4	5
c.92.2	0.5076894532563128	0.05986315095431971	0.6216216216216216	0.7027027027027027	18.62162162162162	14241.0	37
c.92.3	0.4718285029264509	0.002874570567201851	0.0	0.0	82.0	14181.0	1
c.93.1	0.527069838500083	0.10640683332630059	0.8367346938775511	0.8367346938775511	27.316326530612244	14180.091836734693	98
c.94.1	0.49871059860474326	0.03504867829303722	0.44385026737967914	0.5989304812834224	78.86096256684492	14092.695187165775	187
c.95.1	0.47184128714064727	0.0010220738636261106	0.0	0.0	29.142857142857142	14222.0	56
c.96.1	0.47190459487898984	0.0006655457475129606	0.0	0.0	19.0	14255.0	1
c.97.1	0.4719060712016859	0.0006480105398634016	0.0	0.0	18.5	14255.75	24
c.97.3	0.4719471737822194	5.837139258039003e-05	0.0	0.0	1.6666666666666667	14273.666666666666	6
c.98.1	0.7359729616138975	0.5000175106815157	0.5	0.5	1.0	14276.5	2
c.98.2	0.4719459232277949	5.252959172723881e-05	0.0	0.0	1.5	14276.0	2
d.1.1	0.6842256751340382	0.3468060802351029	0.6	0.8	6.8	14270.6	5
d.10.1	0.5864625516709872	0.04225288588193676	0.2	0.2	4.6	14273.0	5
d.100.1	0.4719478882118092	3.5018910211514215e-05	0.0	0.0	1.0	14277.0	1
d.100.2	0.472062535053281	0.00010513773042685918	0.0	0.0	3.0	14264.0	1
d.101.1	0.49087112410864514	0.0360951594839828	0.21428571428571427	0.21428571428571427	4.928571428571429	14264.0	14
d.103.1	0.5086303676676958	0.0010502300696470855	0.0	0.0	13.0	14252.0	1
d.104.1	0.5219782678863646	0.02236439148396476	0.2962962962962963	0.3333333333333333	17.25925925925926	14252.888888888889	27
d.105.1	0.4719510510195673	0.00014009853692498932	0.0	0.0	4.0	14272.666666666666	3
d.106.1	0.5088910652063807	0.04974474302666864	0.46153846153846156	0.5384615384615384	9.23076923076923	14266.692307692309	13
d.107.1	0.4719047874917332	0.0005355739956217257	0.0	0.0	15.25	14250.75	4
d.108.1	0.475774914595327	0.008791555515297596	0.43564356435643564	0.46534653465346537	64.3069306930693	14178.762376237624	101
d.109.1	0.4964387627773114	0.03216639102301249	0.43478260869565216	0.6956521739130435	15.695652173913043	14255.0	23
d.109.3	0.4719439579684764	7.004272606289837e-05	0.0	0.0	2.0	14275.0	1
d.11.1	0.4719400266236951	0.00014008545212579673	0.0	0.0	4.0	14273.0	1
d.110.1	0.4719443620799483	0.00018389896110290838	0.0	0.0	5.25	14270.75	4
d.110.2	0.5043368291843782	0.06059807592418719	0.38095238095238093	0.42857142857142855	13.523809523809524	14257.952380952382	21
d.110.3	0.5197870566012438	0.07699471443783275	0.6818181818181818	0.7727272727272727	11.818181818181818	14257.681818181818	22
d.110.4	0.47193806053811665	0.00018094125617588582	0.0	0.0	5.166666666666667	14272.0	6
d.110.5	0.4719301934398654	0.00031519226728304265	0.0	0.0	9.0	14268.0	1
d.110.6	0.47193445184421207	0.0002547191101723141	0.0	0.0	7.2727272727272725	14268.545454545454	11
d.110.7	0.47195950679557236	6.128861248822175e-05	0.0	0.0	1.75	14274.0	4
d.111.1	0.4720081278026906	0.00014009526478005044	0.0	0.0	4.0	14272.0	1
d.112.1	0.6102849249937615	0.26250183030560315	0.5714285714285714	0.5714285714285714	7.142857142857143	14266.857142857143	7
d.113.1	0.47186876998621874	0.0010396858803587935	0.0	0.0	29.666666666666668	14236.0	42
d.114.1	0.4719419924337957	7.004763239002522e-05	0.0	0.0	2.0	14274.0	1
d.115.1	0.47194199243379564	9.105750641261862e-05	0.0	0.0	2.6	14274.0	5
d.116.1	0.47196340179332336	7.004616049188715e-05	0.0	0.0	2.0	14274.2	5
d.117.1	0.5599892453514689	0.166867032278704	0.25	0.25	3.25	14272.5	4
d.118.1	0.4719325011455819	0.00023272218875634954	0.0	0.0	6.642857142857143	14265.357142857143	14
d.12.1	0.4719360914195192	0.00018679368746172585	0.0	0.0	5.333333333333333	14271.0	6
d.120.1	0.5330586457603363	0.11610964276461644	0.625	0.625	5.375	14270.0	8
d.121.1	0.5341367035559753	0.1192752836531727	1.0	1.0	17.0	14261.0	1
d.122.1	0.5250644463762049	0.09350309959268392	0.9411764705882353	0.9411764705882353	12.647058823529411	14261.0	17
d.123.1	0.4719711302641721	3.5033632286995515e-05	0.0	0.0	1.0	14271.0	1
d.124.1	0.4827472296465359	0.020544643370142803	0.14285714285714285	0.14285714285714285	1.8571428571428572	14271.0	7
d.125.1	0.5125652530307605	0.013816972000284046	0.0	1.0	13.0	14264.0	1
d.126.1	0.5067048881174064	0.05264437631525047	0.6	0.7333333333333333	11.666666666666666	14264.533333333333	15
d.127.1	0.5021410554131966	0.057390608438340665	0.2857142857142857	0.2857142857142857	3.2857142857142856	14272.0	7
d.128.1	0.471943345861449	0.00018510661162925577	0.0	0.0	5.285714285714286	14272.142857142857	7
d.129.1	0.5809253387775324	0.19505051033261644	0.3333333333333333	0.3333333333333333	3.1666666666666665	14273.5	6
d.129.11	0.4719400266236951	0.00010507144858503782	0.0	0.0	3.0	14273.0	1
d.129.2	0.4719320132515799	0.0004903293383533231	0.0	0.0	14.0	14263.0	3
d.129.3	0.47187506959708214	0.0012193125534024462	0.0	0.0	34.80487804878049	14237.0	41
d.129.5	0.4719439579684764	0.00010505673063454266	0.0	0.0	3.0	14275.0	1
d.129.6	0.4719439579684764	3.502381619501261e-05	0.0	0.0	1.0	14275.0	3
d.13.1	0.473484206475269	0.028219508191551144	0.0	0.0	12.61111111111111	14261.888888888889	18
d.13.2	0.48814220347801096	0.0017506443061333118	0.0	0.0	23.5	14252.0	2
d.130.1	0.4842386196892958	0.002638321676196038	0.0	0.16666666666666666	7.166666666666667	14268.333333333334	6
d.131.1	0.5077738122105458	0.007861542080968556	0.11764705882352941	0.17647058823529413	19.676470588235293	14245.85294117647	34
d.133.1	0.4719415992717756	7.704798041573675e-05	0.0	0.0	2.2	14273.8	5
d.134.1	0.4719400266236951	8.405912194880208e-05	0.0	0.0	2.4	14273.0	5
d.135.1	0.4719983177963132	0.0003852080123266564	0.0	0.0	11.0	14267.0	1
d.136.1	0.5301899710383687	0.06810165614118671	0.6363636363636364	0.8181818181818182	9.181818181818182	14267.0	11
d.137.1	0.4719262582363662	0.0002102017937219731	0.0	0.0	6.0	14266.0	1
d.139.1	0.47192917893359504	0.0002277100189796722	0.0	0.0	6.5	14266.0	12
d.14.1	0.5009107295621652	0.006892116280440148	0.09615384615384616	0.2692307692307692	44.15384615384615	14226.5	52
d.141.1	0.4719357328281765	0.0008405127127547804	0.0	0.0	24.0	14253.0	1
d.142.1	0.49952806499800667	0.049846340557902054	0.8846153846153846	0.8846153846153846	19.807692307692307	14253.615384615385	26
d.142.2	0.5618719119273206	0.13718721340220666	0.8	0.9	7.7	14269.4	10
d.143.1	0.47259320347788364	0.001301834250075012	0.0	0.16666666666666666	25.166666666666668	14252.333333333334	6
d.144.1	0.490552672117542	0.02430511089734328	0.7692307692307693	0.9461538461538461	64.43846153846154	14149.815384615385	130
d.145.1	0.49856791112750115	0.014150908371424013	0.2608695652173913	0.34782608695652173	17.565217391304348	14255.0	23
d.147.1	0.4719809470439899	7.003782042302843e-05	0.0	0.0	2.0	14276.0	1
d.148.1	1.0	1.0	1.0	1.0	1.0	14276.0	2
d.149.1	0.47197309417040356	0.00017510681515724592	0.0	0.0	5.0	14272.0	1
d.15.1	0.48062722844023853	0.009822148378324439	0.02564102564102564	0.16666666666666666	54.32051282051282	14201.820512820514	78
d.15.10	0.47195950679557236	0.00011381697703227488	0.0	0.0	3.25	14274.0	4
d.15.15	0.6069061640421644	0.005812609951390654	0.0	0.0	19.0	14255.0	1
d.15.2	0.6835722104228534	0.04016563295750281	0.14285714285714285	0.14285714285714285	7.142857142857143	14265.142857142857	14
d.15.3	0.47193243023978065	0.0003123153257866115	0.0	0.0	8.916666666666666	14266.166666666666	12
d.15.4	0.5302608842063146	0.11164234766622798	0.7619047619047619	0.7619047619047619	14.380952380952381	14257.0	21
d.15.5	0.47203728362183756	7.007217433956976e-05	0.0	0.0	2.0	14269.0	1
d.15.6	0.516034176653351	0.0836868380911921	0.2222222222222222	0.2222222222222222	3.3333333333333335	14269.0	9
d.15.9	0.4719419924337957	0.00010506408909434755	0.0	0.0	3.0	14274.0	1
d.150.1	0.4719411006104592	0.00011509192466799289	0.0	0.0	3.2857142857142856	14271.0	7
d.151.1	0.5044219056817132	0.06212569406938176	0.6153846153846154	0.6153846153846154	9.384615384615385	14265.0	13
d.152.1	0.4719842718719281	0.0010160465279237614	0.0	0.0	29.0	14242.0	1
d.153.1	0.5213124703446268	0.002808895905359285	0.0	0.0	26.25	14242.0	36
d.153.2	0.4719478882118092	3.5018910211514215e-05	0.0	0.0	1.0	14277.0	1
d.154.1	0.471946905719802	5.252836531727132e-05	0.0	0.0	1.5	14276.5	2
d.156.1	0.4774456247321006	0.011027221031036464	0.3333333333333333	0.3333333333333333	12.0	14263.666666666666	3
d.157.1	0.49959098202071156	0.0540856623394511	0.975	0.975	33.125	14239.375	40
d.159.1	0.4719068457536268	0.000757895859319664	0.0	0.0	21.64	14254.72	25
d.16.1	0.5760482414956605	0.015726867103615528	0.041666666666666664	0.4166666666666667	19.25	14255.25	24
d.160.1	0.6245142002989535	0.2894261753150002	1.0	1.0	3.6666666666666665	14272.0	6
d.161.1	0.4718986808868931	0.0006656856562259126	0.0	0.0	19.0	14252.0	1
d.162.1	0.4914618870905708	0.037588600336919215	0.037037037037037035	0.037037037037037035	15.777777777777779	14252.777777777777	27
d.163.1	0.9541862257409095	0.7205531126224504	0.8	0.8	1.8	14273.0	5
d.164.1	0.47192429022082016	0.0002452354260089686	0.0	0.0	7.0	14265.0	1
d.165.1	0.4719252481834594	0.0002927688053625932	0.0	0.0	8.357142857142858	14264.214285714286	14
d.166.1	0.48874979636049476	0.023635402846861192	0.04	0.04	16.48	14254.52	25
d.167.1	0.47448020543275327	0.045632889569298896	0.0	0.0	5.090909090909091	14267.0	11
d.168.1	0.5049768844044439	0.04649651119676336	1.0	1.0	32.0	14222.0	1
d.169.1	0.5065788611712485	0.05439037942781751	0.7368421052631579	0.7894736842105263	37.43859649122807	14222.947368421053	57
d.17.1	0.47195560083650595	0.0004347538666081262	0.0	0.0	12.411764705882353	14261.0	17
d.17.3	0.4718017320284447	0.002626418265863566	0.0	0.0	75.0	14203.0	1
d.17.4	0.472181464009951	0.00904384175183144	0.0	0.0	67.85333333333334	14203.0	75
d.17.5	0.4719419924337957	0.00014007564084605686	0.0	0.0	4.0	14274.0	1
d.17.6	0.4719419924337957	0.00014007564084605686	0.0	0.0	4.0	14274.0	4
d.17.7	0.4719380605381166	0.00021011346126908532	0.0	0.0	6.0	14272.0	1
d.170.1	0.47201597086018493	3.502136303144918e-05	0.0	0.0	1.0	14276.0	2
d.170.2	0.4719419924337957	0.00010506408909434755	0.0	0.0	3.0	14274.0	1
d.171.1	0.4719419924337957	7.88017465661058e-05	0.0	0.0	2.25	14274.0	4
d.172.1	0.4719478882118092	3.5018910211514215e-05	0.0	0.0	1.0	14277.0	1
d.173.1	0.4719478882118092	3.5018910211514215e-05	0.0	0.0	1.0	14277.0	1
d.174.1	0.4719400266236951	0.00014008545212579673	0.0	0.0	4.0	14273.0	1
d.175.1	0.4719400266236951	8.405912194880208e-05	0.0	0.0	2.4	14273.0	5
d.176.1	0.4719321606279347	0.00010510089686098655	0.0	0.0	3.0	14269.0	1
d.177.1	0.47193216062793464	0.00015178950236235378	0.0	0.0	4.333333333333333	14269.0	9
d.18.1	0.4719399770403246	0.0001851350097318826	0.0	0.0	5.285714285714286	14270.42857142857	7
d.183.1	0.4719419924337957	0.00014007564084605686	0.0	0.0	4.0	14274.0	1
d.184.1	0.4719493126679932	0.00011909376013885462	0.0	0.0	3.4	14270.6	5
d.185.1	0.47191020618109064	0.00018522693608371787	0.0	0.0	5.285714285714286	14257.0	21
d.188.1	0.4719262582363662	0.00028022978842650974	0.0	0.0	8.0	14266.0	1
d.189.1	0.47192580401524925	0.00023443433028231904	0.0	0.0	6.6923076923076925	14265.76923076923	13
d.19.1	0.49061646145133764	0.03118428756640836	0.3333333333333333	0.3888888888888889	8.944444444444445	14260.444444444445	18
d.190.1	0.471922690411087	0.00028726696512928817	0.0	0.0	8.2	14263.0	15
d.193.1	0.4719419924337957	0.00014007564084605686	0.0	0.0	4.0	14274.0	1
d.194.1	0.4719419924337957	8.755463450403313e-05	0.0	0.0	2.5	14274.0	4
d.197.1	0.4719301934398654	7.00770847932726e-05	0.0	0.0	2.0	14268.0	1
d.198.1	0.47194070647603026	0.0001260994882576465	0.0	0.0	3.6	14268.0	10
d.198.4	0.4719829095748407	3.5018910211514215e-05	0.0	0.0	1.0	14277.0	1
d.198.5	0.4719478882118092	3.5018910211514215e-05	0.0	0.0	1.0	14277.0	1
d.2.1	0.5206397845081666	0.020240144252054587	0.2727272727272727	0.3181818181818182	20.772727272727273	14255.545454545454	22
d.20.1	0.47191084452011317	0.0006544227259881909	0.0	0.0	18.678571428571427	14251.17857142857	28
d.200.1	0.4719439579684764	3.502381619501261e-05	0.0	0.0	1.0	14275.0	1
d.201.1	0.4719439579684764	5.8368121008189296e-05	0.0	0.0	1.6666666666666667	14275.0	3
d.203.1	0.4719419924337957	0.00010506408909434755	0.0	0.0	3.0	14274.0	1
d.204.1	0.47195074961468403	7.88017465661058e-05	0.0	0.0	2.25	14274.0	4
d.206.1	0.4719478882118092	3.5018910211514215e-05	0.0	0.0	1.0	14277.0	1
d.207.1	0.4719478882118092	3.5018910211514215e-05	0.0	0.0	1.0	14277.0	1
d.209.1	0.4719439579684764	7.004272606289837e-05	0.0	0.0	2.0	14275.0	1
d.21.1	0.4731309135772928	0.02218852515833083	0.0	0.0	12.826086956521738	14256.695652173914	23
d.210.1	0.47194772070489666	0.00016648716376176003	0.0	0.0	4.75	14268.0	4
d.211.1	0.4945393616689062	0.0437164953502438	0.40625	0.40625	15.0625	14247.9375	32
d.211.2	0.47198192953599705	3.50201366214817e-05	0.0	0.0	1.0	14276.5	2
d.212.1	0.4719459232277949	5.252959172723881e-05	0.0	0.0	1.5	14276.0	2
d.214.1	0.4719478882118092	3.5018910211514215e-05	0.0	0.0	1.0	14277.0	1
d.215.1	0.4719478882118092	3.5018910211514215e-05	0.0	0.0	1.0	14277.0	2
d.216.1	0.471946905719802	3.50201366214817e-05	0.0	0.0	1.0	14276.5	2
d.217.1	0.47192886109923166	0.0003618628897922919	0.0	0.0	10.333333333333334	14267.333333333334	3
d.218.1	0.47189623076265735	0.0008900708591289423	0.0	0.0	25.413793103448278	14250.758620689656	29
d.219.1	0.4719438994768311	8.756567511506385e-05	0.0	0.0	2.5	14272.0	6
d.22.1	0.471954475399837	8.505994385910524e-05	0.0	0.0	2.4285714285714284	14272.714285714286	7
d.221.1	0.4719459232277949	7.003782042302843e-05	0.0	0.0	2.0	14276.0	1
d.222.1	0.47195694274675376	5.8366485565813675e-05	0.0	0.0	1.6666666666666667	14275.666666666666	3
d.223.1	0.4719415003614309	0.0001225729309951209	0.0	0.0	3.5	14273.75	4
d.224.1	0.4719428871758935	0.00014448275279747302	0.0	0.0	4.125	14270.0	8
d.226.1	0.47196916608269096	0.00010509353324458768	0.0	0.0	3.0	14270.0	1
d.227.1	0.47193850735809395	0.0001619897537944176	0.0	0.0	4.625	14270.0	8
d.229.1	0.4719809470439899	3.502136303144918e-05	0.0	0.0	1.0	14276.0	1
d.23.1	0.7178921057939553	0.0006411772078575372	0.0	0.0	5.0	14271.5	2
d.230.1	0.4719459232277949	5.252959172723881e-05	0.0	0.0	1.5	14276.0	2
d.230.2	0.4719478882118092	3.5018910211514215e-05	0.0	0.0	1.0	14277.0	1
d.230.3	0.4719478882118092	3.5018910211514215e-05	0.0	0.0	1.0	14277.0	1
d.234.1	0.4719829095748407	3.5018910211514215e-05	0.0	0.0	1.0	14277.0	1
d.235.1	0.4719478882118092	3.5018910211514215e-05	0.0	0.0	1.0	14277.0	1
d.24.1	0.4719304669562258	0.0003502170286679291	0.0	0.0	10.0	14266.76923076923	13
d.240.1	0.4719478882118092	3.5018910211514215e-05	0.0	0.0	1.0	14277.0	1
d.241.1	0.4719478882118092	3.5018910211514215e-05	0.0	0.0	1.0	14277.0	1
d.242.1	0.4719478882118092	3.5018910211514215e-05	0.0	0.0	1.0	14277.0	1
d.243.1	0.4719478882118092	3.5018910211514215e-05	0.0	0.0	1.0	14277.0	2
d.244.1	0.4719478882118092	3.5018910211514215e-05	0.0	0.0	1.0	14277.0	1
d.249.1	0.4719419924337957	3.5026269702276706e-05	0.0	0.0	1.0	14274.0	1
d.25.1	0.47193017578082763	0.00022191814852650423	0.0	0.0	6.333333333333333	14268.0	3
d.250.1	0.4719419924337957	6.128861248822175e-05	0.0	0.0	1.75	14274.0	4
d.253.1	0.4719419924337957	0.00010506408909434755	0.0	0.0	3.0	14274.0	1
d.254.1	0.47195074961468403	0.00011381697703227488	0.0	0.0	3.25	14274.0	4
d.257.1	0.4719809470439899	3.502136303144918e-05	0.0	0.0	1.0	14276.0	1
d.258.1	0.4719459232277949	5.252959172723881e-05	0.0	0.0	1.5	14276.0	2
d.26.1	0.4719040782400311	0.0005633582763890051	0.0	0.0	16.076923076923077	14252.0	26
d.263.1	0.4719439579684764	7.004272606289837e-05	0.0	0.0	2.0	14275.0	1
d.264.1	0.4719590165644556	0.00014007686725602437	0.0	0.0	4.0	14273.75	4
d.265.1	0.5647256044148563	0.007102005991611098	0.0	0.125	5.75	14270.0	8
d.267.1	0.4719439579684764	0.00010505673063454266	0.0	0.0	3.0	14275.0	1
d.268.1	0.4719556333917105	0.00010505673063454267	0.0	0.0	3.0	14275.0	3
d.272.1	0.4719439579684764	7.004272606289837e-05	0.0	0.0	2.0	14275.0	1
d.273.1	0.4719439579684764	7.004272606289837e-05	0.0	0.0	2.0	14275.0	3
d.277.1	0.4719439579684764	0.00010505673063454266	0.0	0.0	3.0	14275.0	1
d.278.1	0.4719556333917105	8.171406092011312e-05	0.0	0.0	2.3333333333333335	14275.0	3
d.282.1	0.4719459232277949	3.502136303144918e-05	0.0	0.0	1.0	14276.0	1
d.283.1	0.47194461296312845	5.836893861483428e-05	0.0	0.0	1.6666666666666667	14275.333333333334	3
d.284.1	0.4719419924337957	0.00010506163661804104	0.0	0.0	3.0	14274.0	4
d.286.1	0.4719419924337957	0.00014007564084605686	0.0	0.0	4.0	14274.0	1
d.287.1	0.4719419924337957	3.5026269702276706e-05	0.0	0.0	1.0	14274.0	4
d.289.1	0.4719321606279347	0.00031517019190362795	0.0	0.0	9.0	14269.0	1
d.290.1	0.47505080944705314	0.05570733851798158	0.0	0.0	4.333333333333333	14269.0	9
d.293.1	0.4719478882118092	3.5018910211514215e-05	0.0	0.0	1.0	14277.0	1
d.294.1	0.4719644164013178	5.252836531727132e-05	0.0	0.0	1.5	14276.5	2
d.295.1	0.4719582528278647	3.502054542480419e-05	0.0	0.0	1.0	14276.333333333334	3
d.296.1	0.4719478882118092	3.5018910211514215e-05	0.0	0.0	1.0	14277.0	1
d.297.1	0.4719419924337957	0.00014007564084605686	0.0	0.0	4.0	14274.0	1
d.298.1	0.47195074961468403	0.00010506408909434755	0.0	0.0	3.0	14274.0	4
d.299.1	0.4719478882118092	3.5018910211514215e-05	0.0	0.0	1.0	14277.0	1
d.3.1	0.5280285449219991	0.024924381809040684	0.25925925925925924	0.42592592592592593	47.907407407407405	14225.796296296296	54
d.300.1	0.4719478882118092	3.5018910211514215e-05	0.0	0.0	1.0	14277.0	1
d.302.1	0.4719419924337957	3.5026269702276706e-05	0.0	0.0	1.0	14274.0	1
d.303.1	0.4719501773341091	5.6034672032880244e-05	0.0	0.0	1.6	14274.6	5
d.304.1	0.47194494032280243	7.004149965293089e-05	0.0	0.0	2.0	14275.5	2
d.305.1	0.47194978335583454	7.704896133749032e-05	0.0	0.0	2.2	14274.4	5
d.306.1	0.4719459232277949	3.502136303144918e-05	0.0	0.0	1.0	14276.0	2
d.307.1	0.4719439579684764	7.004272606289837e-05	0.0	0.0	2.0	14275.0	1
d.308.1	0.4719439579684764	9.338539577732789e-05	0.0	0.0	2.6666666666666665	14275.0	3
d.31.1	0.5088079312226539	0.07291030491756491	1.0	1.0	43.0	14234.0	1
d.312.1	0.4719478882118092	3.5018910211514215e-05	0.0	0.0	1.0	14277.0	1
d.313.1	0.4719478882118092	3.5018910211514215e-05	0.0	0.0	1.0	14277.0	1
d.315.1	0.4719478882118092	3.5018910211514215e-05	0.0	0.0	1.0	14277.0	1
d.316.1	0.4719478882118092	3.5018910211514215e-05	0.0	0.0	1.0	14277.0	1
d.32.1	0.5084504913588637	0.06389722099107933	0.9111111111111111	0.9555555555555556	34.53333333333333	14234.955555555556	45
d.320.1	0.4719478882118092	3.5018910211514215e-05	0.0	0.0	1.0	14277.0	1
d.321.1	0.471946905719802	5.252836531727132e-05	0.0	0.0	1.5	14276.5	2
d.322.1	0.47194657822246633	3.502054542480419e-05	0.0	0.0	1.0	14276.333333333334	3
d.323.1	0.4719478882118092	3.5018910211514215e-05	0.0	0.0	1.0	14277.0	1
d.324.1	0.471977021157349	3.5026269702276706e-05	0.0	0.0	1.0	14274.0	1
d.325.1	0.4719419924337957	6.128861248822175e-05	0.0	0.0	1.75	14274.0	4
d.33.1	0.4719478882118092	3.5018910211514215e-05	0.0	0.0	1.0	14277.0	1
d.34.1	0.4719829095748407	3.5018910211514215e-05	0.0	0.0	1.0	14277.0	1
d.343.1	0.4719419924337957	0.00010506408909434755	0.0	0.0	3.0	14274.0	1
d.344.1	0.4719682639764607	0.00013132275290812952	0.0	0.0	3.75	14274.0	4
d.347.1	0.4719439579684764	3.502381619501261e-05	0.0	0.0	1.0	14275.0	1
d.348.1	0.4719556333917105	5.8368121008189296e-05	0.0	0.0	1.6666666666666667	14275.0	3
d.35.1	1.0	1.0	1.0	1.0	1.0	14277.0	1
d.356.1	0.4719478882118092	3.5018910211514215e-05	0.0	0.0	1.0	14277.0	1
d.357.1	0.4719478882118092	3.5018910211514215e-05	0.0	0.0	1.0	14277.0	1
d.36.1	0.47192588433464344	0.00035068031982045167	0.0	0.0	10.0	14248.0	1
d.360.1	0.4719478882118092	3.5018910211514215e-05	0.0	0.0	1.0	14277.0	1
d.361.1	0.4719478882118092	3.5018910211514215e-05	0.0	0.0	1.0	14277.0	1
d.37.1	0.4805650546372469	0.016111692460664524	0.3225806451612903	0.3225806451612903	15.161290322580646	14246.516129032258	31
d.38.1	0.4888954568226172	0.015155457497943801	0.47368421052631576	0.6710526315789473	60.421052631578945	14202.0	76
d.386.1	0.4719478882118092	3.5018910211514215e-05	0.0	0.0	1.0	14277.0	1
d.387.1	0.47196539889332495	3.5018910211514215e-05	0.0	0.0	1.0	14277.0	2
d.388.1	0.4719478882118092	3.5018910211514215e-05	0.0	0.0	1.0	14277.0	1
d.390.1	0.47193412754029435	0.00021014289717007564	0.0	0.0	6.0	14270.0	1
d.391.1	0.47193412754029435	0.00013135587422595968	0.0	0.0	3.75	14270.0	8
d.4.1	0.5589087852731711	0.013232859585185911	0.09090909090909091	0.09090909090909091	8.636363636363637	14268.272727272728	11
d.40.1	0.4719400266236951	7.005253940455341e-05	0.0	0.0	2.0	14273.0	1
d.403.1	0.4719085361576769	0.0004555010511562719	0.0	0.0	13.0	14257.0	1
d.41.1	0.4719480966653787	0.00015761167143247515	0.0	0.0	4.5	14271.166666666666	6
d.41.2	0.47192825342982514	0.00033795217402920254	0.0	0.0	9.647058823529411	14262.823529411764	17
d.41.3	0.4719459232277949	4.669351549530893e-05	0.0	0.0	1.3333333333333333	14276.0	3
d.41.4	0.471943957693095	9.33845781706829e-05	0.0	0.0	2.6666666666666665	14275.0	3
d.41.5	0.47194062329464015	0.00012843865302881695	0.0	0.0	3.6666666666666665	14270.333333333334	6
d.42.1	0.5199324106366077	0.0916681037714108	0.8095238095238095	0.8095238095238095	11.285714285714286	14257.0	21
d.43.2	0.4719711302641721	0.0002101281781886951	0.0	0.0	6.0	14271.0	1
d.44.1	0.6109865468788369	0.3752304842226869	0.5	0.5	2.625	14271.5	8
d.45.1	0.7065460206265811	0.18989965509130333	0.3333333333333333	1.0	2.3333333333333335	14275.0	3
d.48.1	0.47201597086018493	3.502136303144918e-05	0.0	0.0	1.0	14276.0	1
d.49.1	0.6480008358562303	0.33340342106558735	0.3333333333333333	0.3333333333333333	2.6666666666666665	14271.0	3
d.5.1	0.4719410993323123	0.00014010507880910682	0.0	0.0	4.0	14271.0	7
d.50.1	0.49153772473900026	0.024181928620597166	0.17647058823529413	0.17647058823529413	8.176470588235293	14261.0	17
d.50.2	0.4719809470439899	7.003782042302843e-05	0.0	0.0	2.0	14276.0	1
d.50.3	0.7099677780891005	0.0006844397155403144	0.0	0.0	2.0	14276.0	2
d.50.5	0.4719668795172269	0.00024547622387431617	0.0	0.0	7.0	14251.0	1
d.51.1	0.4785606802307385	0.029597426748271965	0.2222222222222222	0.2222222222222222	10.62962962962963	14251.0	27
d.52.6	0.4719419924337957	3.5026269702276706e-05	0.0	0.0	1.0	14274.0	1
d.52.7	0.4719423855407318	7.004223611748593e-05	0.0	0.0	2.0	14274.2	5
d.52.8	0.4719449405293096	7.00402732429634e-05	0.0	0.0	2.0	14275.5	4
d.52.9	0.4719478882118092	3.5018910211514215e-05	0.0	0.0	1.0	14277.0	1
d.53.1	0.471875	0.0009812167087188113	0.0	0.0	28.0	14240.0	1
d.54.1	0.47190549231224127	0.000542590165712319	0.0	0.0	15.473684210526315	14240.0	38
d.57.1	0.47190459487898984	0.000770469986691882	0.0	0.0	22.0	14255.0	1
d.58.1	0.47191832004026046	0.0005818213796028752	0.0	0.0	16.608695652173914	14255.0	23
d.58.10	0.47193731534122296	0.00026561118068950667	0.0	0.0	7.583333333333333	14267.166666666666	12
d.58.11	0.47193605407215333	0.00023738091999736402	0.0	0.0	6.777777777777778	14269.0	9
d.58.15	0.4719809470439899	3.502136303144918e-05	0.0	0.0	1.0	14276.0	1
d.58.16	0.471984119642358	0.0001167763267436439	0.0	0.0	3.3333333333333335	14271.666666666666	3
d.58.17	0.4976366355789906	0.04916495439647434	0.4375	0.4375	9.3125	14262.0	16
d.58.18	0.47189447919992206	0.0010348558144314915	0.0	0.0	29.548387096774192	14247.0	31
d.58.2	0.47197309417040356	0.00014009526478005044	0.0	0.0	4.0	14272.0	1
d.58.25	0.47192822597602857	0.0003852080123266564	0.0	0.0	11.0	14267.0	1
d.58.26	0.4719314119678597	0.0003470309858005095	0.0	0.0	9.909090909090908	14267.0	11
d.58.27	0.4719459232277949	3.502136303144918e-05	0.0	0.0	1.0	14276.0	1
d.58.28	0.4719860993863135	0.00014009853692498932	0.0	0.0	4.0	14272.666666666666	3
d.58.29	0.620153492375033	0.2813203170319154	0.75	0.75	6.583333333333333	14266.0	12
d.58.3	0.5387028202260319	0.0015841789894805408	0.0	0.0	10.571428571428571	14265.57142857143	7
d.58.30	0.471977021157349	0.00014007564084605686	0.0	0.0	4.0	14274.0	1
d.58.31	0.6266261577433723	0.09892726959454909	0.4	0.4	3.8	14273.4	5
d.58.32	0.540066268256304	0.06972623918510128	0.42857142857142855	0.5714285714285714	6.714285714285714	14271.0	7
d.58.34	0.47193609417700233	0.0002101281781886951	0.0	0.0	6.0	14271.0	1
d.58.36	0.4719360941770023	0.0001701149785432161	0.0	0.0	4.857142857142857	14271.0	7
d.58.4	0.47185539800714643	0.00152929096050557	0.0	0.0	43.65384615384615	14227.692307692309	52
d.58.47	0.4719400266236951	7.005253940455341e-05	0.0	0.0	2.0	14273.0	1
d.58.48	0.4719470328592448	0.00011206934406576049	0.0	0.0	3.2	14273.0	5
d.58.5	0.4719238967875063	0.0003787246194276735	0.0	0.0	10.8125	14263.6875	16
d.58.51	0.4719478882118092	3.5018910211514215e-05	0.0	0.0	1.0	14277.0	1
d.58.52	0.4719331363650548	0.0002976607367978708	0.0	0.0	8.5	14269.5	2
d.58.53	0.4735781643377976	0.029862955607772634	0.0	0.0	12.882352941176471	14262.882352941177	17
d.58.54	0.4719478882118092	3.5018910211514215e-05	0.0	0.0	1.0	14277.0	1
d.58.55	0.4719419924337957	0.00014007564084605686	0.0	0.0	4.0	14274.0	1
d.58.56	0.4719419924337957	3.5026269702276706e-05	0.0	0.0	1.0	14274.0	4
d.58.57	0.4719419924337957	3.5026269702276706e-05	0.0	0.0	1.0	14274.0	1
d.58.58	0.47195074961468403	6.128861248822175e-05	0.0	0.0	1.75	14274.0	4
d.58.6	0.4719209009338187	0.0004782711811926411	0.0	0.0	13.6	14249.2	5
d.58.7	0.47516340956948055	0.012419231562393544	0.4375	0.4375	66.7421875	14150.0	128
d.58.8	0.4719380605381166	0.00010507880910683012	0.0	0.0	3.0	14272.0	1
d.58.9	0.47193665560067544	0.00015510512171073334	0.0	0.0	4.428571428571429	14271.285714285714	7
d.59.1	0.6039827658680117	0.250573221524642	1.0	1.0	4.0	14274.0	1
d.6.1	0.47201204988090234	0.00014007564084605686	0.0	0.0	4.0	14274.0	1
d.60.1	0.5505828350851425	0.05112054010851742	0.2	0.2	4.2	14273.8	5
d.61.1	0.4719400266236951	0.00013308068957405112	0.0	0.0	3.8	14273.0	5
d.62.1	0.4719750578014433	0.0001750945510575711	0.0	0.0	5.0	14273.0	1
d.63.1	0.6282071043228473	0.004155797890289958	0.0	0.0	3.4	14273.0	5
d.64.2	0.4719419924337957	0.00014007564084605686	0.0	0.0	4.0	14274.0	1
d.65.1	0.4895491096421038	0.03358444937711225	0.2	0.2	4.4	14273.6	5
d.66.1	0.5448872138884038	0.13859999150478156	0.7142857142857143	0.7142857142857143	4.857142857142857	14272.57142857143	7
d.67.1	0.4719634351358924	3.502136303144918e-05	0.0	0.0	1.0	14276.0	2
d.67.4	0.4719459232277949	3.502136303144918e-05	0.0	0.0	1.0	14276.0	1
d.68.1	0.4719459232277949	4.669351549530893e-05	0.0	0.0	1.3333333333333333	14276.0	3
d.68.2	0.4719459232277949	5.252959172723881e-05	0.0	0.0	1.5	14276.0	2
d.68.5	0.47197898423817863	7.004272606289837e-05	0.0	0.0	2.0	14275.0	1
d.68.6	0.4719439579684764	9.338539577732789e-05	0.0	0.0	2.6666666666666665	14275.0	3
d.7.1	1.0	1.0	1.0	1.0	1.0	14274.0	4
d.70.1	0.4719829095748407	3.5018910211514215e-05	0.0	0.0	1.0	14277.0	1
d.71.1	1.0	1.0	1.0	1.0	1.0	14277.0	1
d.73.1	0.4719459232277949	3.502136303144918e-05	0.0	0.0	1.0	14276.0	1
d.74.1	0.47194657822246633	4.669269788866394e-05	0.0	0.0	1.3333333333333333	14276.333333333334	3
d.74.2	0.471946905719802	3.50201366214817e-05	0.0	0.0	1.0	14276.5	2
d.74.3	0.47198029359322186	4.6694333216496744e-05	0.0	0.0	1.3333333333333333	14275.666666666666	3
d.74.4	0.5306324187585133	0.01870392916397694	0.0	0.3333333333333333	1.6666666666666667	14275.0	3
d.76.2	0.47193609417700233	0.0002101281781886951	0.0	0.0	6.0	14271.0	1
d.77.1	0.47194610448762225	0.0001701149785432161	0.0	0.0	4.857142857142857	14271.0	7
d.78.1	0.47192035336184535	0.0003853159590864509	0.0	0.0	11.0	14263.0	1
d.79.1	0.4736785060613413	0.03155433260432348	0.0	0.0	8.6875	14263.5	16
d.79.2	0.48136892921492147	0.018046614261010195	0.125	0.125	3.625	14270.625	8
d.79.3	0.5079140255128481	0.049470848994003315	0.36363636363636365	0.45454545454545453	7.363636363636363	14268.0	11
d.79.4	0.47193162342058625	0.00017196186790678807	0.0	0.0	4.909090909090909	14268.727272727272	11
d.79.5	0.4719459232277949	3.502136303144918e-05	0.0	0.0	1.0	14276.0	2
d.79.6	0.47193412754029435	0.0002451495412201443	0.0	0.0	7.0	14270.0	1
d.79.7	0.47193412754029435	9.195254915476019e-05	0.0	0.0	2.625	14270.0	8
d.79.9	0.47190065249421176	0.00080554777248529	0.0	0.0	23.0	14253.0	1
d.8.1	0.4719826074759801	0.0002103049421661409	0.0	0.0	6.0	14259.0	1
d.80.1	0.4739695355396346	0.0006201850795153707	0.0	0.0	15.76923076923077	14252.923076923076	26
d.81.1	0.5097314723697116	0.0018661359228678786	0.0	0.0	19.428571428571427	14251.92857142857	28
d.81.2	0.4719478882118092	3.5018910211514215e-05	0.0	0.0	1.0	14277.0	1
d.82.1	0.47197898423817863	3.502381619501261e-05	0.0	0.0	1.0	14275.0	1
d.82.2	0.5302977232924694	0.0013931401140574561	0.0	0.0	1.6666666666666667	14275.0	3
d.82.5	0.47201597086018493	3.502136303144918e-05	0.0	0.0	1.0	14276.0	1
d.83.1	0.7360079854300925	0.5000175106815157	0.5	0.5	1.5	14276.0	2
d.85.1	0.4719400266236951	0.0001750945510575711	0.0	0.0	5.0	14273.0	1
d.86.1	0.4719540390947944	3.502872355331372e-05	0.0	0.0	1.0	14273.0	5
d.87.1	0.4719400266236951	0.00010507144858503782	0.0	0.0	3.0	14273.0	1
d.87.2	0.4719540390947944	0.00010507144858503783	0.0	0.0	3.0	14273.0	5
d.88.1	0.5574201233183856	0.0010740655342982171	0.0	0.0	6.0	14272.0	1
d.89.1	0.5244500591801519	0.0009069133247590717	0.0	0.0	7.857142857142857	14268.57142857143	7
d.9.1	0.4958029409733043	0.04572734799659345	0.3157894736842105	0.3157894736842105	8.526315789473685	14259.0	19
d.9.2	0.4719750578014433	0.0001750945510575711	0.0	0.0	5.0	14273.0	1
d.90.1	0.4718982913179039	0.00044097914855401336	0.0	0.0	12.580645161290322	14248.935483870968	31
d.91.1	0.7553214999734461	0.5381196275867017	1.0	1.0	21.0	14257.0	2
d.92.1	0.5278085792539663	0.08716494632443329	0.9285714285714286	0.9285714285714286	35.595238095238095	14237.809523809523	42
d.92.2	0.4719430996728821	0.00020582541971916614	0.0	0.0	5.875	14267.875	8
d.93.1	0.49599103549580936	0.04646214095242375	0.3333333333333333	0.3333333333333333	14.363636363636363	14246.878787878788	33
d.94.1	0.4719536970967352	5.253081830902052e-05	0.0	0.0	1.5	14275.5	4
d.94.2	0.4719478882118092	3.5018910211514215e-05	0.0	0.0	1.0	14277.0	1
d.95.1	0.7359641129880143	0.3173625210687909	1.0	1.0	4.0	14267.0	1
d.95.2	0.6749205801745531	0.3007876218783991	0.8333333333333334	0.9166666666666666	6.333333333333333	14266.5	12
d.96.1	0.56932995837249	0.10564407981343803	0.6666666666666666	0.7777777777777778	12.833333333333334	14261.888888888889	18
d.96.2	0.4719478882118092	3.5018910211514215e-05	0.0	0.0	1.0	14277.0	1
d.97.1	0.4719478882118092	3.5018910211514215e-05	0.0	0.0	1.0	14277.0	1
d.98.1	0.47196539889332495	3.5018910211514215e-05	0.0	0.0	1.0	14277.0	2
d.98.2	0.4719478882118092	3.5018910211514215e-05	0.0	0.0	1.0	14277.0	1
d.99.1	0.4719478882118092	3.5018910211514215e-05	0.0	0.0	1.0	14277.0	1
e.1.1	0.4719085361576769	0.0003687936818354763	0.0	0.0	10.523809523809524	14257.0	21
e.10.1	0.4719809470439899	3.502136303144918e-05	0.0	0.0	1.0	14276.0	1
e.11.1	0.6039857102829924	0.2501910750679573	0.5	0.5	1.5	14276.0	2
e.12.1	0.4720179309378721	3.5018910211514215e-05	0.0	0.0	1.0	14277.0	1
e.13.1	1.0	1.0	1.0	1.0	1.0	14277.0	1
e.15.1	0.47196720162590233	0.00024516671336508825	0.0	0.0	7.0	14269.0	1
e.17.1	0.5951721370796378	0.2337367248449143	0.7	0.7	3.9	14269.4	10
e.18.1	0.4719471754180055	7.588575332592076e-05	0.0	0.0	2.1666666666666665	14273.666666666666	6
e.19.1	0.47194002441987193	0.00015759490723155385	0.0	0.0	4.5	14273.0	2
e.2.1	0.47203092059030216	0.0009819048954972647	0.0	0.0	28.0	14230.0	1
e.22.1	0.47193602194775564	0.00026269923277992893	0.0	0.0	7.5	14267.4	10
e.23.1	0.5606505297130429	0.16865500075402953	0.84	0.84	7.56	14253.0	25
e.25.1	0.4719459232277949	7.003782042302843e-05	0.0	0.0	2.0	14276.0	1
e.26.1	0.4719459232277949	7.003782042302843e-05	0.0	0.0	2.0	14276.0	2
e.27.1	0.4719478882118092	3.5018910211514215e-05	0.0	0.0	1.0	14277.0	1
e.28.1	0.4719439574177522	7.004517939827602e-05	0.0	0.0	2.0	14275.0	2
e.29.1	0.4719540390947944	0.00010507144858503783	0.0	0.0	3.0	14273.0	5
e.3.1	0.5158594257409259	0.08975108877438416	0.5102040816326531	0.5510204081632653	27.53061224489796	14230.897959183674	49
e.34.1	0.4719478882118092	3.5018910211514215e-05	0.0	0.0	1.0	14277.0	1
e.37.1	0.47196539889332495	3.5018910211514215e-05	0.0	0.0	1.0	14277.0	2
e.38.1	0.471946905719802	3.50201366214817e-05	0.0	0.0	1.0	14276.5	2
e.39.1	0.4719459232277949	5.252959172723881e-05	0.0	0.0	1.5	14276.0	2
e.42.1	0.4719478882118092	3.5018910211514215e-05	0.0	0.0	1.0	14277.0	1
e.43.1	0.4719478882118092	3.5018910211514215e-05	0.0	0.0	1.0	14277.0	1
e.5.1	0.4719353011785719	0.00016113065878480427	0.0	0.0	4.6	14270.6	5
e.51.1	0.4719400266236951	0.00014008545212579673	0.0	0.0	4.0	14273.0	1
e.52.1	0.4719400266236951	0.00014008545212579673	0.0	0.0	4.0	14273.0	5
e.6.1	0.47192350980298836	0.0003408524952835898	0.0	0.0	9.727272727272727	14257.318181818182	22
e.61.1	0.4719478882118092	3.5018910211514215e-05	0.0	0.0	1.0	14277.0	1
e.62.1	0.471946905719802	5.252836531727132e-05	0.0	0.0	1.5	14276.5	2
e.63.1	0.4719459232277949	7.003782042302843e-05	0.0	0.0	2.0	14276.0	2
e.7.1	0.4737924596056134	0.03366029656075127	0.0	0.0	9.333333333333334	14263.133333333333	15
e.75.1	0.4719459232277949	7.003782042302843e-05	0.0	0.0	2.0	14276.0	1
e.76.1	0.48597296161389747	0.25007003782042303	0.0	0.0	2.0	14276.0	2
e.78.1	0.4719439579684764	3.502381619501261e-05	0.0	0.0	1.0	14275.0	1
e.79.1	0.4719439579684764	5.8368121008189296e-05	0.0	0.0	1.6666666666666667	14275.0	3
e.8.1	0.4718993079108159	0.0008224878060640882	0.0	0.0	23.48148148148148	14251.0	27
f.1.2	0.4719459232277949	3.502136303144918e-05	0.0	0.0	1.0	14276.0	1
f.1.3	0.471974400230364	0.00010508699239215023	0.0	0.0	3.0	14272.666666666666	3
f.1.4	0.5096303732484161	0.06009753283774119	0.4166666666666667	0.4166666666666667	6.5	14266.0	12
f.1.5	0.47193412754029435	0.00010509353324458768	0.0	0.0	3.0	14270.0	1
f.10.1	0.47194777416972084	0.0001984756530954505	0.0	0.0	5.666666666666667	14271.0	3
f.13.1	0.4719267012937725	0.0002588780592727211	0.0	0.0	7.388888888888889	14261.277777777777	18
f.14.1	0.47192917893359504	0.0003298151713218536	0.0	0.0	9.416666666666666	14266.0	12
f.16.1	0.4719459232277949	3.502136303144918e-05	0.0	0.0	1.0	14276.0	1
f.17.1	0.4719459232277949	5.252959172723881e-05	0.0	0.0	1.5	14276.0	2
f.17.5	0.4719478882118092	3.5018910211514215e-05	0.0	0.0	1.0	14277.0	1
f.17.6	0.4719478882118092	3.5018910211514215e-05	0.0	0.0	1.0	14277.0	1
f.18.1	0.4719380605381166	0.00017510681515724592	0.0	0.0	5.0	14272.0	1
f.19.1	0.47193806053811665	8.756567511506385e-05	0.0	0.0	2.5	14272.0	6
f.20.1	0.4719459232277949	7.003782042302843e-05	0.0	0.0	2.0	14276.0	1
f.21.1	0.47194330233123544	9.338539577732789e-05	0.0	0.0	2.6666666666666665	14274.666666666666	3
f.21.2	0.4719438994768311	3.503117774819589e-05	0.0	0.0	1.0	14272.0	6
f.23.10	0.4719809470439899	5.252959172723881e-05	0.0	0.0	1.5	14276.0	2
f.23.11	0.4719439579684764	3.502381619501261e-05	0.0	0.0	1.0	14275.0	1
f.23.12	0.4719439579684764	5.8368121008189296e-05	0.0	0.0	1.6666666666666667	14275.0	3
f.23.9	0.4719809470439899	3.502136303144918e-05	0.0	0.0	1.0	14276.0	1
f.3.1	0.47193823922686146	0.00015178050399131782	0.0	0.0	4.333333333333333	14270.111111111111	9
f.31.1	0.4719478882118092	3.5018910211514215e-05	0.0	0.0	1.0	14277.0	1
f.32.1	0.4719478882118092	3.5018910211514215e-05	0.0	0.0	1.0	14277.0	1
f.36.1	0.4719400266236951	7.005253940455341e-05	0.0	0.0	2.0	14273.0	1
f.37.1	0.471939371215913	0.0001225768156576422	0.0	0.0	3.5	14272.666666666666	6
f.38.1	0.4719410993323123	0.00020512547746625405	0.0	0.0	5.857142857142857	14271.0	7
f.4.1	0.4719360941770023	0.00022012937627209636	0.0	0.0	6.285714285714286	14271.0	7
f.4.2	0.5472767888447012	0.010306753245799896	0.0	0.0	14.0	14261.0	1
f.4.3	0.5371071183641738	0.05065531777069335	0.4444444444444444	0.5	12.5	14261.888888888889	18
f.4.4	0.4719478882118092	3.5018910211514215e-05	0.0	0.0	1.0	14277.0	1
f.4.6	0.4719400266236951	0.00014008545212579673	0.0	0.0	4.0	14273.0	1
f.4.7	0.47195786862048855	0.0001284116649640897	0.0	0.0	3.6666666666666665	14273.166666666666	6
f.40.1	0.4719459232277949	7.003782042302843e-05	0.0	0.0	2.0	14276.0	1
f.41.1	0.47195825201014346	3.502054542480419e-05	0.0	0.0	1.0	14276.333333333334	3
f.42.1	0.4719459230901428	7.003782042302843e-05	0.0	0.0	2.0	14276.0	2
f.43.1	0.4789589510371905	0.12503502258969915	0.0	0.0	1.0	14275.5	4
f.44.1	0.4719478882118092	3.5018910211514215e-05	0.0	0.0	1.0	14277.0	1
f.45.1	0.4719478882118092	3.5018910211514215e-05	0.0	0.0	1.0	14277.0	1
f.46.1	0.4719478882118092	3.5018910211514215e-05	0.0	0.0	1.0	14277.0	1
f.5.1	0.8943876121076233	0.8000350213630314	0.8	0.8	1.8	14273.6	5
f.53.1	0.4719419924337957	0.00014007564084605686	0.0	0.0	4.0	14274.0	1
f.54.1	0.4719419924337957	3.5026269702276706e-05	0.0	0.0	1.0	14274.0	4
f.55.1	0.4719439579684764	3.502381619501261e-05	0.0	0.0	1.0	14275.0	1
f.56.1	0.4719439579684764	5.8368121008189296e-05	0.0	0.0	1.6666666666666667	14275.0	3
f.6.1	0.47193806053811665	0.00013425591880894194	0.0	0.0	3.8333333333333335	14272.0	6
f.65.1	0.4719829095748407	3.5018910211514215e-05	0.0	0.0	1.0	14277.0	1
f.66.1	0.4719478882118092	3.5018910211514215e-05	0.0	0.0	1.0	14277.0	1
f.68.2	0.4719419924337957	3.5026269702276706e-05	0.0	0.0	1.0	14274.0	1
f.69.1	0.4719419924337957	6.128861248822175e-05	0.0	0.0	1.75	14274.0	4
f.7.1	0.4719459232277949	7.003782042302843e-05	0.0	0.0	2.0	14276.0	1
f.70.1	0.4719459232277949	3.502136303144918e-05	0.0	0.0	1.0	14276.0	1
f.71.1	0.4719426468775307	7.004845137147292e-05	0.0	0.0	2.0	14274.333333333334	3
f.72.1	0.4719360941770023	0.00015510477292825063	0.0	0.0	4.428571428571429	14271.0	7
f.8.1	0.4719459232277949	5.8365667959168684e-05	0.0	0.0	1.6666666666666667	14276.0	3
g.10.1	0.4719459232277949	7.003782042302843e-05	0.0	0.0	2.0	14276.0	2
g.13.1	0.4719380605381166	0.00017510681515724592	0.0	0.0	5.0	14272.0	1
g.14.1	0.4719438994768311	0.00015760103996864818	0.0	0.0	4.5	14272.0	6
g.16.3	0.573626887299584	0.00308863132229377	0.0	0.0	15.0	14262.0	1
g.17.1	0.5746906034491648	0.035676410214345596	0.35294117647058826	0.5294117647058824	13.294117647058824	14261.117647058823	17
g.18.1	0.4784309704013346	0.012831309036211751	0.28125	0.28125	12.6875	14247.90625	32
g.19.1	0.6023220790137294	0.0014797348617717448	0.0	0.0	1.5	14276.0	2
g.21.1	0.47204707860445566	3.5026269702276706e-05	0.0	0.0	1.0	14274.0	1
g.22.1	0.5710382513661202	0.18765206562833145	0.25	0.25	1.75	14274.0	4
g.23.1	0.47202159736343874	0.00028032798374097694	0.0	0.0	8.0	14261.0	1
g.24.1	0.5259306171320427	0.06344430143151936	0.29411764705882354	0.29411764705882354	10.705882352941176	14261.0	17
g.26.1	0.4719750578014433	3.502872355331372e-05	0.0	0.0	1.0	14273.0	1
g.27.1	0.4894816326631584	0.0005631158581898015	0.0	0.0	1.6666666666666667	14273.166666666666	6
g.28.1	0.4719682639764607	6.128861248822175e-05	0.0	0.0	1.75	14274.0	4
g.3.10	0.48663966892417204	0.007647533790289072	0.0	0.25	6.0	14266.75	4
g.3.11	0.5458566249332464	0.052390837490431136	0.25	0.5	25.72222222222222	14242.0	36
g.3.13	0.4719478882118092	3.5018910211514215e-05	0.0	0.0	1.0	14277.0	1
g.3.14	0.6470710437275944	0.008401814594517634	0.0	0.0	2.0	14275.5	2
g.3.15	0.7547872588856195	0.01179938424877759	0.0	0.0	2.25	14274.0	4
g.3.2	0.4719439579684764	7.004272606289837e-05	0.0	0.0	2.0	14275.0	1
g.3.3	0.5342693326558382	0.00030319126347299333	0.0	0.0	2.5	14275.25	4
g.3.4	0.4719809470439899	3.502136303144918e-05	0.0	0.0	1.0	14276.0	2
g.3.5	0.6300122807017543	0.08048910474983637	0.0	1.0	20.0	14250.0	1
g.3.6	0.6391355728804344	0.11984824045287319	0.41379310344827586	0.9310344827586207	16.344827586206897	14249.931034482759	29
g.3.7	0.5158658406577292	0.05025876877249921	0.6666666666666666	0.7666666666666667	22.8	14248.0	30
g.3.8	0.4720431614349776	0.00010507880910683012	0.0	0.0	3.0	14272.0	1
g.3.9	0.47194891263739286	0.00011508070681764858	0.0	0.0	3.2857142857142856	14272.42857142857	7
g.30.1	0.47205295230090355	3.5018910211514215e-05	0.0	0.0	1.0	14277.0	1
g.31.1	0.735990473521995	0.5000175106815157	0.5	0.5	1.0	14276.5	2
g.32.1	0.4719809470439899	5.252959172723881e-05	0.0	0.0	1.5	14276.0	2
g.36.1	0.4674736669247191	0.04860489798442224	1.0	1.0	21.0	14209.0	1
g.37.1	0.4810345070334446	0.037571634842489515	0.5362318840579711	0.5797101449275363	34.42028985507246	14209.0	69
g.38.1	0.47182355424229633	0.0021714766040907816	0.0	0.0	62.0	14214.0	1
g.39.1	0.472286346207964	0.009217038234802178	0.0	0.0	40.0625	14214.0	64
g.4.1	0.4719478882118092	3.5018910211514215e-05	0.0	0.0	1.0	14277.0	1
g.41.10	0.47197309417040356	3.503117774819589e-05	0.0	0.0	1.0	14272.0	1
g.41.11	0.4719555773542601	6.42115583350108e-05	0.0	0.0	1.8333333333333333	14272.0	6
g.41.2	0.5468494906901974	0.0019175762084060743	0.0	0.0	7.0	14263.0	1
g.41.3	0.5408724538683173	0.020963586198218583	0.13333333333333333	0.6	10.466666666666667	14263.0	15
g.41.4	0.4720431614349776	0.00010507880910683012	0.0	0.0	3.0	14272.0	1
g.41.5	0.5159733900099651	0.03442795601008636	0.16666666666666666	0.5	4.5	14272.0	6
g.41.6	0.4719478882118092	3.5018910211514215e-05	0.0	0.0	1.0	14277.0	1
g.41.7	0.47194002441987193	0.0001750945510575711	0.0	0.0	5.0	14273.0	2
g.41.8	0.47194074158591565	0.00027315534867360276	0.0	0.0	7.8	14269.8	10
g.41.9	0.4719478882118092	3.5018910211514215e-05	0.0	0.0	1.0	14277.0	1
g.42.1	0.4719380605381166	3.503117774819589e-05	0.0	0.0	1.0	14272.0	1
g.43.1	0.4719557772513417	0.0001551766692760368	0.0	0.0	4.428571428571429	14268.285714285714	7
g.44.1	0.4832724250490917	0.008718019449236052	0.18181818181818182	0.21212121212121213	24.393939393939394	14246.939393939394	33
g.45.1	0.4719915949612359	3.502995408956817e-05	0.0	0.0	1.0	14272.5	2
g.46.1	0.48238365573310904	0.00030903482957357864	0.0	0.0	1.9	14268.0	10
g.48.1	0.47193609417700233	0.00014010507880910682	0.0	0.0	4.0	14271.0	1
g.49.1	0.4719504137462597	0.00024078536508807672	0.0	0.0	6.875	14269.375	8
g.5.1	0.4719478882118092	3.5018910211514215e-05	0.0	0.0	1.0	14277.0	1
g.50.1	0.47193680740636834	0.0004852088251004339	0.0	0.0	13.85	14258.0	20
g.6.1	0.5893501312826747	0.2234397142412209	1.0	1.0	9.0	14261.0	1
g.65.1	0.4719400266236951	7.005253940455341e-05	0.0	0.0	2.0	14273.0	1
g.66.1	0.4719680515658936	9.806570449305075e-05	0.0	0.0	2.8	14273.0	5
g.67.1	0.4719262582363662	0.0001401541695865452	0.0	0.0	4.0	14266.0	1
g.68.1	0.4719817514837142	0.0002218477775063438	0.0	0.0	6.333333333333333	14266.0	12
g.7.1	0.5738044353219175	0.1848069926623686	0.9444444444444444	1.0	10.61111111111111	14261.222222222223	18
g.76.1	0.4719829095748407	3.5018910211514215e-05	0.0	0.0	1.0	14277.0	1
g.77.1	0.4719478882118092	3.5018910211514215e-05	0.0	0.0	1.0	14277.0	1
g.8.1	0.5984030679529637	0.21528858467728126	0.8571428571428571	0.9285714285714286	9.214285714285714	14264.785714285714	14
g.82.1	0.4719439579684764	7.004272606289837e-05	0.0	0.0	2.0	14275.0	1
g.83.1	0.4719556333917105	7.004272606289837e-05	0.0	0.0	2.0	14275.0	3
g.84.1	0.4719459232277949	3.502136303144918e-05	0.0	0.0	1.0	14276.0	1
g.85.1	0.4719459232277949	5.252959172723881e-05	0.0	0.0	1.5	14276.0	2
g.9.1	0.507994699711044	0.01015727823635532	0.058823529411764705	0.11764705882352941	5.117647058823529	14262.823529411764	17
g.95.1	0.4719478882118092	3.5018910211514215e-05	0.0	0.0	1.0	14277.0	1
g.96.1	0.4719478882118092	3.5018910211514215e-05	0.0	0.0	1.0	14277.0	1
