SF	auroc	auprc	hit1	hit10	avg_n_true_pos	avg_n_true_neg	n_queries
3000001	0.8318172763969817	0.021523969212942803	0.06557377049180328	0.4262295081967213	45.80327868852459	22998.0	61
3000003	0.9145152518948667	0.001507790076871756	0.0	0.0	1.75	23051.0	8
3000006	0.9246526024738885	0.011227232016924268	0.0	0.2727272727272727	9.272727272727273	23048.0	11
3000019	0.8602701999392809	0.00017641882743039017	0.0	0.0	1.0	23057.0	2
3000020	0.9332772427467305	0.15575150401936563	0.43902439024390244	0.7560975609756098	27.902439024390244	23018.0	41
3000025	0.8686112918383575	0.0009166869958380567	0.0	0.0	1.5	23055.0	4
3000026	0.8392849397067754	0.002249269814272745	0.0	0.0	2.8	23054.0	5
3000031	0.7082555472715282	0.21586318293530818	0.5755813953488372	0.6453488372093024	138.72093023255815	22887.0	172
3000033	0.4679521768038545	0.012633581481308444	0.03508771929824561	0.03508771929824561	43.40350877192982	23002.0	57
3000034	0.8026845409244191	0.1086536297123224	0.3106060606060606	0.5378787878787878	126.21212121212122	22927.0	132
3000035	0.8495364968124911	0.024366217432986427	0.07692307692307693	0.2692307692307692	47.19230769230769	23007.0	52
3000050	0.9765811891641718	0.07216916995731164	0.16666666666666666	0.25	3.3333333333333335	23047.0	12
3000053	0.7596815480596022	0.002356320161860472	0.0	0.03125	16.8125	23027.0	32
3000055	0.874276385965126	0.09018529509332773	0.5	0.7941176470588235	24.58823529411765	23025.0	34
3000058	0.7818078180994606	0.004845164598876632	0.0	0.14285714285714285	14.857142857142858	23017.0	42
3000059	0.8563870993763595	0.044923741656079486	0.21428571428571427	0.5714285714285714	12.142857142857142	23045.0	14
3000061	0.6730448854016066	0.0003357370259696738	0.0	0.0	1.9259259259259258	23032.0	27
3000062	0.8650769208524913	0.0017951692602814096	0.0	0.0	3.6	23054.0	5
3000064	0.9921937130380717	0.01159654297358712	0.0	0.0	2.6666666666666665	23053.0	6
3000066	0.8902565441847312	0.09591460027136328	0.48863636363636365	0.6856060606060606	41.75757575757576	22795.0	264
3000067	0.7280645001363377	0.0010759456674604866	0.0	0.0	2.857142857142857	23052.0	7
3000068	0.70199808316378	0.015244757575863084	0.07017543859649122	0.2982456140350877	90.56140350877193	22945.0	114
3000069	0.879518326414758	0.017547119278108904	0.038461538461538464	0.34615384615384615	35.53846153846154	23007.0	52
3000070	0.7863292823258934	0.026351759873724952	0.06918238993710692	0.4339622641509434	130.61635220125785	22900.0	159
3000071	0.8386167961022637	0.09903610671685835	0.49528301886792453	0.7358490566037735	152.32075471698113	22847.0	212
3000073	0.8843872000602018	0.0025313485499873964	0.0	0.07692307692307693	3.3846153846153846	23046.0	13
3000077	0.6546191938866666	0.03403731517796691	0.22388059701492538	0.3582089552238806	55.55223880597015	22992.0	67
3000080	0.8158854740232634	0.050180168073719125	0.21428571428571427	0.2857142857142857	14.5	23031.0	28
3000083	0.6942036735808919	0.001199352400963943	0.0	0.011111111111111112	15.433333333333334	22879.0	180
3000087	0.8203508773098704	0.030539235656851772	0.08181818181818182	0.4909090909090909	104.92727272727272	22949.0	110
3000089	0.8462112650519292	0.051656067561471605	0.21052631578947367	0.5263157894736842	49.96491228070175	23002.0	57
3000091	0.9411243313680302	0.046100004379533106	0.2	0.45714285714285713	24.685714285714287	23024.0	35
3000094	0.7998392678130241	0.09939026884087372	0.32	0.52	19.92	23034.0	25
3000097	0.7404754104353864	0.0024117503056794057	0.0	0.0	17.904761904761905	23038.0	21
3000098	0.8287296892552567	0.09240812849254905	0.22448979591836735	0.42857142857142855	22.040816326530614	23010.0	49
3000099	0.7889668505718624	0.0009211077315638159	0.0	0.0	6.285714285714286	23045.0	14
3000100	0.6868783510309809	0.007239421158194032	0.0125	0.1	67.725	22979.0	80
3000102	0.9508484628201467	0.3907175021363244	0.7386934673366834	0.914572864321608	189.9396984924623	22860.0	199
3000103	0.26920816344235277	7.101454609175766e-05	0.0	0.0	1.6	23054.0	5
3000104	0.850875749127023	0.013018850965557533	0.017543859649122806	0.21052631578947367	55.26315789473684	23002.0	57
3000110	0.8939348266477206	0.003468421863101254	0.005649717514124294	0.011299435028248588	15.581920903954803	22882.0	177
3000113	0.8581009369052848	0.258246975419896	0.5555555555555556	0.6944444444444444	18.0	23023.0	36
3000114	0.8090430713167706	0.20290240529212386	0.12389380530973451	0.4690265486725664	77.69911504424779	22946.0	113
3000116	0.6789798589268597	0.052087276289447086	0.36666666666666664	0.5222222222222223	85.24444444444444	22969.0	90
3000118	0.9111940127522556	0.5665132229425878	0.8277777777777777	0.9111111111111111	173.8	22879.0	180
3000119	0.8824393957186688	0.17355318292117056	0.4888888888888889	0.7111111111111111	38.355555555555554	23014.0	45
3000120	0.7575331631168972	0.037671871068187784	0.08866995073891626	0.37438423645320196	186.41379310344828	22856.0	203
3000121	0.9231348139151556	0.003752738894361967	0.0	0.0	2.8	23054.0	5
3000122	0.7858958607866614	0.026644000243947207	0.09333333333333334	0.12	36.373333333333335	22984.0	75
3000125	0.5838556513949729	0.03865391960986017	0.24242424242424243	0.4393939393939394	41.96969696969697	22993.0	66
3000129	0.7342906077167205	0.004475617156376876	0.0	0.07692307692307693	35.794871794871796	23020.0	39
3000130	0.968663254684247	0.0022335663166981987	0.0	0.0	1.3333333333333333	23056.0	3
3000131	0.6911804735821736	0.013080754740711097	0.0	0.2708333333333333	39.104166666666664	22963.0	96
3000132	0.8439624173344448	0.0024098749527391218	0.0	0.06666666666666667	9.733333333333333	23044.0	15
3000134	0.8318288471714941	0.02216168032704118	0.0782608695652174	0.3565217391304348	77.91304347826087	22944.0	115
3000135	0.7168337369482816	0.0183541050505772	0.07575757575757576	0.2878787878787879	137.8181818181818	22861.0	198
3000137	0.8891242095438772	0.003889667538575983	0.0	0.030303030303030304	13.515151515151516	23026.0	33
3000142	0.7489390422207057	0.0013471372518749677	0.0	0.0	10.5	23047.0	12
3000143	0.7432032439404552	0.013594147738013082	0.01818181818181818	0.24545454545454545	91.2	22949.0	110
3000148	0.8253947295762203	0.0028557360100137153	0.0	0.0	6.7272727272727275	23048.0	11
3000149	0.759570618801764	0.22339580826070612	0.6354166666666666	0.7083333333333334	72.1875	22963.0	96
3000153	0.7245238598606069	0.00025102199806542646	0.0	0.0	1.9849624060150375	22926.0	133
3000157	0.8508110306161772	0.017912618356683598	0.019230769230769232	0.2403846153846154	69.6923076923077	22955.0	104
3000158	0.770631748396886	0.004002986204936114	0.0	0.08333333333333333	9.666666666666666	23047.0	12
3000159	0.8390723969553479	0.00770515908071283	0.030303030303030304	0.12121212121212122	25.818181818181817	23026.0	33
3000160	0.8585620809806416	0.024245460332211376	0.0425531914893617	0.3191489361702128	30.893617021276597	23012.0	47
3000161	0.8062083392554925	0.001638850443326767	0.0	0.0	13.575757575757576	23026.0	33
3000162	0.9316333951556492	0.0019586459076661403	0.0	0.0	3.6470588235294117	23042.0	17
3000163	0.9076091035162704	0.03760939041900278	0.25	0.4583333333333333	20.0	23035.0	24
3000164	0.8603431477141212	0.011137882258420701	0.037037037037037035	0.3333333333333333	21.62962962962963	23032.0	27
3000165	0.5922237189940867	0.00041952265945590945	0.0	0.0	8.4	23039.0	20
3000166	0.6177977101430329	0.0012359172524842054	0.0	0.0	5.090909090909091	23048.0	11
3000168	0.8373094237461517	0.001667412665201533	0.0	0.0	9.291666666666666	23011.0	48
3000181	0.6902334996024	0.00027877011597261635	0.0	0.0	2.5	23055.0	4
3000183	0.7546545904497491	0.000710197742534205	0.0	0.0	5.142857142857143	23052.0	7
3000189	0.9165961830405551	0.0005902320942666723	0.0	0.0	1.5	23055.0	4
3000192	0.7943260697105934	0.0020298043287367527	0.0	0.0	8.0	23048.0	11
3000195	0.9611294412290247	0.013333474041010375	0.0	0.0	1.8461538461538463	23046.0	13
3000208	0.7073677823401202	0.10828562899343765	0.38461538461538464	0.5384615384615384	9.384615384615385	23046.0	13
3000210	0.9279352817123822	0.020839569647275194	0.0	0.07894736842105263	21.68421052631579	23021.0	38
3000213	0.7734862381530784	0.00027540102204419296	0.0	0.0	1.7142857142857142	23052.0	7
3000216	0.5613429834759471	0.016978914072280582	0.011764705882352941	0.24705882352941178	66.09411764705882	22974.0	85
3000219	0.9049095719304332	0.0002494393569705199	0.0	0.0	1.0	23057.0	2
3000223	0.6898139168853631	0.0027415214018171297	0.0	0.0	13.5	23035.0	24
3000224	0.9977396116481115	0.2951071661603485	0.6111111111111112	0.9722222222222222	26.833333333333332	23023.0	36
3000226	0.9975042594564474	0.09169714838369823	0.0967741935483871	0.0967741935483871	3.7419354838709675	23028.0	31
3000228	0.9967533750728997	0.05154617044499799	0.0	0.5	4.0	23053.0	6
3000231	0.8638000838647176	0.0004066088846672797	0.0	0.0	1.6666666666666667	23053.0	6
3000233	0.9236482349408117	0.5092115280043003	0.75	0.875	12.916666666666666	23035.0	24
3000238	0.9418987103863058	0.0005707864675067219	0.0	0.0	1.3333333333333333	23056.0	3
3000255	0.9717728233679729	0.08525237829879832	0.14583333333333334	0.5833333333333334	24.791666666666668	23011.0	48
3000256	0.8787094522104067	0.06162213058614466	0.18181818181818182	0.2727272727272727	3.4545454545454546	23048.0	11
3000260	0.7261813544287632	0.002553661258835063	0.0	0.0	17.944444444444443	23023.0	36
3000264	0.8748066463122895	0.018042712499468767	0.11538461538461539	0.3076923076923077	16.153846153846153	23033.0	26
3000265	0.9095779291198541	0.0008349160389911266	0.0	0.0	1.6666666666666667	23053.0	6
3000266	0.8877317293499379	0.0042296728692806295	0.0	0.06666666666666667	8.4	23044.0	15
3000267	0.8953796951468722	0.003555422225864901	0.0	0.0	4.9411764705882355	23042.0	17
3000268	0.8479966542881527	0.002661112712312517	0.0	0.0625	9.0	23043.0	16
3000272	0.6460125724574526	0.0013317933274187676	0.0	0.0	13.92	23034.0	25
3000273	0.5780619440225646	0.02509732398510478	0.0	0.07142857142857142	6.857142857142857	23045.0	14
3000274	0.9465739857146989	0.004785189438379746	0.0	0.0	3.6	23054.0	5
3000276	0.7058213335646543	0.00018980644356288991	0.0	0.0	1.3333333333333333	23056.0	3
3000278	0.8154831622914652	0.03555025370099297	0.14285714285714285	0.2857142857142857	5.142857142857143	23052.0	7
3000283	0.7224108715473151	0.006551813261636291	0.0	0.22727272727272727	16.0	23037.0	22
3000295	0.9024074888766328	0.018693616033625234	0.09090909090909091	0.2727272727272727	19.727272727272727	23037.0	22
3000299	0.8861664533715096	0.0028749376337040555	0.0	0.0	6.0	23051.0	8
3000300	0.8891279120211705	0.02340681381988361	0.0	0.25	3.75	23051.0	8
3000304	0.9587610831228923	0.6098402514705304	0.5211267605633803	0.9436619718309859	41.971830985915496	22988.0	71
3000305	0.8326207723965762	0.00035106439023841667	0.0	0.0	1.951219512195122	23018.0	41
3000308	0.9588489239847274	0.08225890092645921	0.45454545454545453	0.6363636363636364	8.545454545454545	23048.0	11
3000309	0.7861497887219437	0.03154171999492362	0.12987012987012986	0.4675324675324675	55.76623376623377	22982.0	77
3000310	1.0	1.0	1.0	1.0	1.0	23057.0	2
3000312	0.8891038431508631	0.0005026789538804093	0.0	0.0	2.4	23054.0	5
3000313	0.9636862502358035	0.5412622824859353	0.7293447293447294	0.8746438746438746	274.65527065527067	22708.0	351
3000318	0.9295706971428288	0.005841644923135355	0.0	0.11764705882352941	7.764705882352941	23042.0	17
3000320	0.867383536372583	0.20380766937743142	0.5555555555555556	0.6388888888888888	24.27777777777778	23023.0	36
3000325	0.9037580990396854	0.004724425713176477	0.0	0.09090909090909091	7.090909090909091	23048.0	11
3000330	0.8300654271818946	0.06549336933945825	0.2727272727272727	0.5454545454545454	15.090909090909092	23037.0	22
3000334	0.8344023783070821	0.02887014492059522	0.03571428571428571	0.25	41.607142857142854	23003.0	56
3000335	0.9068170409756823	0.0025273076911377624	0.0	0.0	3.4285714285714284	23052.0	7
3000336	0.893678267767284	0.0005610538715631492	0.0	0.0	1.7142857142857142	23052.0	7
3000337	0.4877291061020234	0.00021264684582177515	0.0	0.0	5.333333333333333	23047.0	12
3000338	0.8352237666494868	0.001267417940312324	0.0	0.0	3.272727272727273	23048.0	11
3000345	0.9519394806847097	0.0009671183254172954	0.0	0.0	1.3333333333333333	23056.0	3
3000350	0.9966892204487624	0.014306298677023712	0.0	0.0	1.3333333333333333	23056.0	3
3000351	0.647009052692843	0.0008896802899335756	0.0	0.0	8.909090909090908	23048.0	11
3000352	0.8717760161163858	0.04256885524858985	0.08333333333333333	0.25	4.833333333333333	23047.0	12
3000354	0.852537410540013	0.05253934541313894	0.0	0.5	1.5	23055.0	4
3000376	0.8483759859632549	0.0025612486479081008	0.0	0.0	6.375	23043.0	16
3000379	0.8396164078540238	0.0004443492723092115	0.0	0.0	2.4	23054.0	5
3000382	0.8784083680314595	0.0018045171805179576	0.0	0.0	1.3333333333333333	23056.0	3
3000388	0.9396164448425077	0.14822961092189174	0.5172413793103449	0.735632183908046	21.977011494252874	22972.0	87
3000390	0.7851704605316162	0.004195951197983847	0.0	0.125	3.25	23051.0	8
3000394	0.7499945781826067	0.00017489427342425804	0.0	0.0	2.0	23055.0	4
3000396	0.818413091777859	0.0018844666208031728	0.0	0.0	6.0	23051.0	8
3000398	0.8082716072514095	0.00966916562911137	0.0	0.16666666666666666	4.833333333333333	23047.0	12
3000399	0.7387231089521166	0.00011574425161401095	0.0	0.0	1.3333333333333333	23056.0	3
3000401	0.841752299802955	0.005230208050162037	0.0	0.0	11.826086956521738	23036.0	23
3000403	0.9080168452713872	0.46053500705196104	0.9085365853658537	0.9146341463414634	52.1219512195122	22895.0	164
3000404	0.7876097767891435	0.003993865198217232	0.0	0.06896551724137931	21.79310344827586	23030.0	29
3000408	0.49146063760572545	7.157421152965253e-05	0.0	0.0	1.5	23055.0	4
3000412	0.8780526337138849	0.028316745284315676	0.09836065573770492	0.5081967213114754	32.19672131147541	22998.0	61
3000416	0.8629650975434421	0.0021107837130941126	0.0	0.0	3.4285714285714284	23052.0	7
3000419	0.911421777282433	0.013281506249640111	0.016129032258064516	0.11290322580645161	30.806451612903224	22997.0	62
3000421	0.690161504872618	0.00022469523358672143	0.0	0.0	2.4	23054.0	5
3000424	0.8655501466042171	0.011776300824131681	0.0	0.2	10.533333333333333	23044.0	15
3000426	0.635611907780519	0.00027870474671594126	0.0	0.0	5.052631578947368	23040.0	19
3000428	0.7374686626993543	0.05590880574813873	0.5569620253164557	0.7215189873417721	71.46835443037975	22980.0	79
3000430	0.7841879954124444	0.0017191063533696278	0.0	0.0	14.193548387096774	23028.0	31
3000433	0.9556203698324724	0.010922904803382396	0.0	0.047619047619047616	3.619047619047619	23038.0	21
3000434	0.8052868532526063	0.003727534989795214	0.0	0.0	18.689655172413794	23030.0	29
3000436	0.5844085266175868	0.0004447623237961762	0.0	0.0	7.384615384615385	23046.0	13
3000438	0.8967016524265949	0.00021039692066309216	0.0	0.0	1.0	23057.0	2
3000441	0.8166514747397456	0.010621749402394586	0.0	0.10526315789473684	22.42105263157895	23021.0	38
3000442	0.78002280558241	0.004250682472410785	0.0	0.0	2.857142857142857	23052.0	7
3000445	0.5394660936964935	0.016242399103041837	0.1564625850340136	0.42857142857142855	79.19727891156462	22912.0	147
3000453	0.8313552736210511	0.0007469170438062799	0.0	0.0	2.5	23055.0	4
3000458	0.7774287182413891	0.0007951832805624411	0.0	0.0	7.2	23029.0	30
3000464	0.8906625025302912	0.0007400038941447501	0.0	0.0	2.4	23054.0	5
3000471	0.9122951045514599	0.23596994373983282	0.6333333333333333	0.8	22.466666666666665	23029.0	30
3000472	0.8100139256143831	0.0482393755406329	0.17272727272727273	0.5272727272727272	104.6	22949.0	110
3000473	0.986619244715157	0.22465451966635167	0.5714285714285714	0.6285714285714286	41.48571428571429	22989.0	70
3000475	0.9841085838865027	0.12729248682473343	0.1	0.3	3.2	23049.0	10
3000476	0.5452874344532919	0.015195658486645157	0.0	0.041666666666666664	7.916666666666667	23035.0	24
3000479	0.8920683600357524	0.01174084443378044	0.02564102564102564	0.1282051282051282	14.564102564102564	23020.0	39
3000480	0.9045700562292149	0.005553429076444765	0.0	0.0	10.333333333333334	23041.0	18
3000482	0.8215997102380711	0.00778420755844152	0.0625	0.125	12.25	23043.0	16
3000488	0.7784003350602778	0.0006778511993353453	0.0	0.0	4.285714285714286	23052.0	7
3000489	0.9275976819516145	0.005627574553226891	0.0	0.0	3.75	23051.0	8
3000490	0.7768253761681664	0.0013046432058150571	0.0	0.0	2.857142857142857	23052.0	7
3000491	0.9607135111689438	0.0015770693828135538	0.0	0.0	2.0	23055.0	4
3000497	0.9064316106393273	0.44111293402480556	0.7222222222222222	0.7777777777777778	12.0	23041.0	18
3000500	0.8717417703951078	0.00026111474921784625	0.0	0.0	1.0	23057.0	2
3000507	0.9765365148228489	0.03162248390149611	0.0	0.2222222222222222	3.3333333333333335	23050.0	9
3000510	0.7701127753132457	0.021643787857802396	0.10256410256410256	0.28205128205128205	26.564102564102566	23020.0	39
3000512	0.8708551267114516	0.00029281865994801586	0.0	0.0	1.7142857142857142	23052.0	7
3000513	0.8060272749624943	0.0012189248471569877	0.0	0.0	10.166666666666666	23047.0	12
3000514	0.9322157645153828	0.0006112042413962785	0.0	0.0	1.3333333333333333	23056.0	3
3000517	0.9999837345478204	0.9164682539682539	1.0	1.0	1.5	23055.0	4
3000518	0.9923075810812764	0.08748255025793322	0.0	0.5	2.6666666666666665	23053.0	6
3000521	0.8593623533801187	0.003863883245238744	0.0	0.03225806451612903	3.7419354838709675	23028.0	31
3000522	0.6668274008375532	0.00028639345255793684	0.0	0.0	4.2	23049.0	10
3000528	0.9361861519767392	0.08395802802484269	0.1875	0.5625	11.875	23043.0	16
3000529	0.9913475300342629	0.0036345598845598844	0.0	0.0	1.0	23057.0	2
3000530	0.9801895385149203	0.06800761290579332	0.0	0.6666666666666666	1.3333333333333333	23056.0	3
3000538	0.9234117170665395	0.0021566204796141424	0.0	0.0	4.2	23049.0	10
3000539	0.6217254026800566	0.0003887778750131532	0.0	0.0	6.428571428571429	23045.0	14
3000543	0.9365485535845948	0.0009018714602314701	0.0	0.0	1.0	23057.0	2
3000545	0.8628998648200223	0.01998159321529318	0.0	0.23809523809523808	16.714285714285715	23017.0	42
3000550	0.8959770239592822	0.0017029991140856922	0.0	0.0	2.6666666666666665	23053.0	6
3000554	0.7823432687188216	0.06629268720728938	0.24193548387096775	0.6048387096774194	59.58064516129032	22935.0	124
3000560	0.6485089168705553	0.006071159466020334	0.034482758620689655	0.1724137931034483	24.689655172413794	23030.0	29
3000562	0.6599210782096014	0.0008647715976673783	0.0	0.0	6.5	23051.0	8
3000570	0.7646573384231694	0.001365859647720316	0.0	0.0	16.133333333333333	22999.0	60
3000571	0.8495491368202126	0.019331972777822153	0.0	0.02702702702702703	19.783783783783782	23022.0	37
3000573	0.7625091933484767	0.002979599265420896	0.0	0.0	13.2	23039.0	20
3000576	0.9057220910466254	0.00048479492934502897	0.0	0.0	1.9230769230769231	23033.0	26
3000580	0.8132919980718245	0.0019600443067880166	0.0	0.0	4.444444444444445	23050.0	9
3000583	0.9245065718127793	0.00046737432185923913	0.0	0.0	1.6666666666666667	23053.0	6
3000585	0.8461259676045074	0.10929027378253044	0.5454545454545454	0.6363636363636364	13.727272727272727	23037.0	22
3000593	0.8455132931430802	0.0001407953695019941	0.0	0.0	1.0	23057.0	2
3000601	0.9162395366429514	0.01143270146177928	0.0	0.08333333333333333	8.166666666666666	23047.0	12
3000603	0.8398116011890415	0.008917622208899672	0.0	0.1111111111111111	4.0	23050.0	9
3000605	0.6819439040640686	0.0005264243918947166	0.0	0.0	3.6923076923076925	23033.0	26
3000609	0.7839456903656791	0.0010359828876155208	0.0	0.0	4.0	23053.0	6
3000610	0.9601189959804517	0.0028755165835220903	0.0	0.0	3.6	23054.0	5
3000612	0.8174127411006044	0.0003069152632697454	0.0	0.0	2.4	23054.0	5
3000614	0.877801150821189	0.0012799392045241302	0.0	0.0	1.3333333333333333	23056.0	3
3000615	0.7833585977573044	0.007638857237741629	0.0	0.11764705882352941	9.058823529411764	23042.0	17
3000616	0.9898340923877684	0.005166594513320817	0.0	0.0	1.5	23055.0	4
3000621	0.8488917158021094	0.0028391105526569273	0.0	0.08695652173913043	5.217391304347826	23036.0	23
3000622	0.7828181517453392	0.0013796575190290605	0.0	0.0	12.583333333333334	23011.0	48
3000627	0.8819878741289955	0.0008156615134320337	0.0	0.0	1.8666666666666667	23044.0	15
3000628	0.9008082394812237	0.010124836666524447	0.0	0.17857142857142858	7.071428571428571	23031.0	28
3000637	0.7871132605031079	0.0005496995349447571	0.0	0.0	5.25	23051.0	8
3000639	0.5986185808466343	7.360729715755658e-05	0.0	0.0	1.3333333333333333	23056.0	3
3000640	0.6056115043623778	0.002247803160357063	0.0	0.041666666666666664	19.333333333333332	23035.0	24
3000643	0.5751424024068036	0.0015209327322949487	0.0	0.0	22.1875	23027.0	32
3000648	0.8043445724342504	0.0022112324134728367	0.0	0.047619047619047616	10.476190476190476	23038.0	21
3000649	0.8056844855092371	0.00046393201182245194	0.0	0.0	3.0	23053.0	6
3000657	0.7640896118421284	0.006661574272159215	0.0	0.18181818181818182	3.272727272727273	23048.0	11
3000659	0.8282106343904097	0.0037100883648835633	0.0	0.0	5.0	23051.0	8
3000662	0.7088104393898991	0.008010302285941948	0.02564102564102564	0.15384615384615385	31.487179487179485	23020.0	39
3000663	0.7352598857803803	0.000241715713325148	0.0	0.0	1.5	23055.0	4
3000664	0.7626067710192939	0.00207332466468041	0.0	0.0	10.0	23046.0	13
3000672	0.8692442402466269	0.00024351621172920415	0.0	0.0	1.8571428571428572	23045.0	14
3000675	0.9411624376491	0.005861477608793962	0.0	0.25	3.0	23055.0	4
3000676	0.5909005503227345	0.0018810436360367116	0.0	0.0	8.727272727272727	23048.0	11
3000678	0.8815032258108981	0.003092667822352002	0.0	0.07142857142857142	5.571428571428571	23031.0	28
3000679	0.6908129033324244	0.00023489945879202122	0.0	0.0	3.142857142857143	23052.0	7
3000681	0.9081052335868826	0.015388426709593353	0.0	0.05	5.3	23039.0	20
3000683	0.7884085049949183	0.0010298398246588183	0.0	0.0	4.571428571428571	23052.0	7
3000687	0.9667367857969004	0.001119499565019625	0.0	0.0	1.3333333333333333	23056.0	3
3000688	0.928167150973674	0.0006184433466439166	0.0	0.0	1.0	23057.0	2
3000691	0.591218844362557	0.00031741918287236107	0.0	0.0	4.615384615384615	23046.0	13
3000693	0.6079731322786649	0.012083742422875219	0.09433962264150944	0.24528301886792453	43.886792452830186	23006.0	53
3000696	0.8458101349722825	0.00034749542144371285	0.0	0.0	1.7777777777777777	23050.0	9
3000702	0.9972995407559911	0.18239746276873883	0.058823529411764705	0.17647058823529413	6.117647058823529	23042.0	17
3000705	0.9220871654158171	0.001536481294265731	0.0	0.0	3.0	23051.0	8
3000706	0.7840079747012252	0.0026702826186447933	0.0	0.03571428571428571	8.5	23031.0	28
3000707	0.7580600855887116	0.0002803789349321426	0.0	0.0	2.0	23056.0	3
3000715	0.8553896049970248	0.0018525444804442632	0.0	0.0	6.869565217391305	23036.0	23
3000716	0.9676887713058941	0.0008075186799501868	0.0	0.0	1.0	23057.0	2
3000721	0.9026470241712451	0.0005962324593761576	0.0	0.0	1.9047619047619047	23038.0	21
3000723	0.8643292388195792	0.021319534417001847	0.023255813953488372	0.3023255813953488	34.093023255813954	23016.0	43
3000727	0.8778712365984543	0.013183760958552483	0.05555555555555555	0.16666666666666666	9.0	23041.0	18
3000731	0.4688741650039039	9.45620921092766e-05	0.0	0.0	1.6	23054.0	5
3000732	0.906167042595645	0.000347812092935541	0.0	0.0	1.6	23054.0	5
3000737	0.7887171509964448	0.002264335787354297	0.0	0.0	6.0	23051.0	8
3000738	0.7033635140062826	0.02136504227067587	0.23636363636363636	0.4909090909090909	46.61818181818182	23004.0	55
3000739	0.9471625515835287	0.5779412066298099	0.8153846153846154	0.8615384615384616	52.276923076923076	22994.0	65
3000741	0.8295122672575541	0.03001858012335283	0.16666666666666666	0.4166666666666667	8.833333333333334	23047.0	12
3000746	0.900919460467537	0.00029337489146602616	0.0	0.0	1.0	23057.0	2
3000753	0.9655265897458142	0.012781932190433522	0.0	0.2	1.6	23054.0	5
3000756	0.9753985035783994	0.0044477716853943685	0.0	0.0	2.0	23055.0	4
3000758	0.7694267506600485	0.012803912370435702	0.12	0.24	20.4	23034.0	25
3000761	0.8776640546862731	0.006621078219904759	0.0	0.06666666666666667	7.466666666666667	23044.0	15
3000768	0.8350647580875035	0.0026730591015218675	0.0	0.0	11.083333333333334	23035.0	24
3000773	0.8670480176975797	0.0017839204575081137	0.0	0.0	1.6	23054.0	5
3000774	0.8318350347267408	0.0035458838206661844	0.0	0.0	3.6666666666666665	23053.0	6
3000776	0.9367020892069688	0.0028981867482847	0.0	0.0	3.0	23055.0	4
3000780	0.9157588714334385	0.034146309450853465	0.13636363636363635	0.45454545454545453	8.727272727272727	23037.0	22
3000781	0.531108966248651	0.0009190963062321642	0.0	0.0	13.36	23034.0	25
3000788	0.6578897174501999	0.00047399439215530323	0.0	0.0	5.090909090909091	23048.0	11
3000789	0.9322765320726893	0.00034964019779071167	0.0	0.0	1.0	23057.0	2
3000798	0.7850361222303347	0.0027699431248574234	0.0	0.0	12.705882352941176	23042.0	17
3000802	0.7145929168655701	0.0016090718402641982	0.0	0.0	8.625	23043.0	16
3000804	0.97519191568721	0.0008854007595319408	0.0	0.0	1.0	23057.0	2
3000809	0.8289810275765332	0.0010280342545902718	0.0	0.0	3.75	23051.0	8
3000810	0.9392910846996905	0.00341167936796717	0.0	0.0	2.4	23054.0	5
3000811	0.9194406277694677	0.012182152844238299	0.0	0.05405405405405406	16.91891891891892	23022.0	37
3000815	0.9641032956000056	0.526039094362625	0.6818181818181818	0.8863636363636364	46.95454545454545	22971.0	88
3000816	0.8531162369213755	0.006069376718175951	0.0	0.1	16.0	23039.0	20
3000817	0.913854794639372	0.0003158929314292429	0.0	0.0	1.0	23057.0	2
3000821	0.900278782035832	0.021285720042438668	0.1111111111111111	0.2222222222222222	4.0	23050.0	9
3000827	0.9551127313968406	0.004647645443722793	0.0	0.0	1.75	23051.0	8
3000832	0.8962467832289924	0.044041487076095474	0.25	0.5416666666666666	17.083333333333332	23035.0	24
3000833	0.9118081460917844	0.0012180618019245505	0.0	0.0	2.8	23054.0	5
3000844	0.9702528998712735	0.2584679348657663	0.3076923076923077	0.6538461538461539	13.538461538461538	23033.0	26
3000846	0.7801173432707252	0.009800294268145058	0.029411764705882353	0.23529411764705882	25.294117647058822	23025.0	34
3000856	0.7637061316539832	0.010714602659751044	0.08333333333333333	0.25	28.208333333333332	23011.0	48
3000862	0.9378756707565064	0.012458577136052536	0.0	0.36363636363636365	6.545454545454546	23048.0	11
3000867	0.8153052944484614	0.001089981341334407	0.0	0.0	4.0	23050.0	9
3000871	0.8750596348180596	0.00019727225251504188	0.0	0.0	1.0	23057.0	2
3000873	0.7729279621195692	0.00032136167780116485	0.0	0.0	2.5	23055.0	4
3000874	0.6498330895780141	0.00025437076526611027	0.0	0.0	1.7142857142857142	23052.0	7
3000880	0.9987097193910743	0.017613636363636366	0.0	0.0	1.0	23057.0	2
3000884	0.9643288981660874	0.012674990001993087	0.0	0.0	9.9	23039.0	20
3000886	0.7941172636791817	0.05093756944218445	0.25	0.5119047619047619	57.04761904761905	22975.0	84
3000893	0.7531324107814218	0.0007955705747153612	0.0	0.0	3.4285714285714284	23052.0	7
3000894	0.8204185478953937	0.002318564642447105	0.0	0.0	11.25925925925926	23032.0	27
3000896	0.9913243395653494	0.021324863688483714	0.0	0.16666666666666666	1.6666666666666667	23053.0	6
3000900	0.925228780847465	0.0002905208028694077	0.0	0.0	1.0	23057.0	2
3000904	0.8421812735115304	0.002998348710890098	0.0	0.0	5.25	23051.0	8
3000905	0.9152585938221189	0.3082676980053393	0.6153846153846154	0.6923076923076923	10.307692307692308	23046.0	13
3000909	0.846942381445473	0.49133560583156133	0.68	0.68	15.84	23034.0	25
3000912	0.6907913575426265	0.00013353026607502175	0.0	0.0	1.8	23049.0	10
3000913	0.6884961151051207	0.00403412877890908	0.0	0.06896551724137931	19.17241379310345	23030.0	29
3000915	0.9856117448063495	0.0015955363199480256	0.0	0.0	1.0	23057.0	2
3000917	0.6162678788329491	0.00015234129859853304	0.0	0.0	2.857142857142857	23052.0	7
3000918	0.8945357638855997	0.03665874846660288	0.10526315789473684	0.4473684210526316	31.31578947368421	23021.0	38
3000922	0.4844624192219283	4.653796989995174e-05	0.0	0.0	1.0	23057.0	2
3000923	0.9507569513729233	0.004939463848709487	0.0	0.0	1.6666666666666667	23053.0	6
3000930	0.914772811779579	0.06971533960727785	0.0	0.42857142857142855	2.857142857142857	23052.0	7
3000931	0.9478285233440354	0.2282055751266839	0.5263157894736842	0.7894736842105263	8.210526315789474	23040.0	19
3000936	0.3353383757632846	0.0001079626285063626	0.0	0.0	3.4285714285714284	23052.0	7
3000938	0.9965065423263211	0.034059936999963396	0.0	0.5	1.5	23055.0	4
3000941	0.7920419292084151	0.0064242550830124695	0.0	0.1111111111111111	7.777777777777778	23050.0	9
3000943	0.8802420283132553	0.12524831877447098	0.4117647058823529	0.6176470588235294	21.41176470588235	23025.0	34
3000944	0.994865316214106	0.027105230071943282	0.0	0.2	1.6	23054.0	5
3000947	0.6742688583741884	0.0008322225004770833	0.0	0.0	4.6	23049.0	10
3000948	0.8649098812881629	0.0008474950492173646	0.0	0.0	3.4285714285714284	23045.0	14
3000953	0.9646005131144839	0.02451402850417174	0.0	0.36363636363636365	6.909090909090909	23048.0	11
3000954	0.9307914333656723	0.5285030394535392	0.6458333333333334	0.8159722222222222	194.13194444444446	22771.0	288
3000955	0.713321188989128	9.662169260362678e-05	0.0	0.0	1.3333333333333333	23056.0	3
3000957	0.7559078539018088	0.060939925738181196	0.25	0.42857142857142855	13.642857142857142	23031.0	28
3000961	0.9914234288936115	0.0026636936552018797	0.0	0.0	1.0	23057.0	2
3000963	0.8563951234464945	0.0017591574901842787	0.0	0.0	5.090909090909091	23048.0	11
3000964	0.9286091231114003	0.00046823084064580837	0.0	0.0	1.5	23055.0	4
3000965	0.8248936024846357	0.0074726312436540114	0.0	0.13043478260869565	22.956521739130434	23013.0	46
3000970	0.9236730563351782	0.14991153280038302	0.5416666666666666	0.75	56.166666666666664	22987.0	72
3000971	0.8321192892967602	0.00742422267242854	0.0	0.13043478260869565	12.26086956521739	23036.0	23
3000979	0.750567737220445	0.0007852406832184788	0.0	0.0	6.266666666666667	23044.0	15
3000983	0.9472552336340504	0.000595653980051918	0.0	0.0	1.3333333333333333	23056.0	3
3000985	0.7584591342164293	0.000938398156612339	0.0	0.0	5.416666666666667	23035.0	24
3000990	0.7195895591762366	0.002533751115430419	0.0	0.0	3.25	23051.0	8
3000997	0.8967586568351045	0.0025269986243539036	0.0	0.0	2.5	23055.0	4
3001001	0.9955761807693976	0.006179441473559121	0.0	0.0	1.0	23057.0	2
3001005	0.7952777457724086	0.006618015468133776	0.0	0.0	8.923076923076923	23046.0	13
3001010	0.8098114770709431	0.04180459601775999	0.2549019607843137	0.35294117647058826	35.68627450980392	23008.0	51
3001014	0.8422138850335416	0.000609482111808939	0.0	0.0	2.0	23056.0	3
3001015	0.7810102798578362	0.004147176881847252	0.0	0.05555555555555555	30.555555555555557	23023.0	36
3001020	0.5960879559352907	9.081890396607276e-05	0.0	0.0	1.0	23057.0	2
3001021	0.7871486509933201	0.0003835980104828043	0.0	0.0	1.6	23054.0	5
3001024	0.5440105861425659	0.0009449377468534195	0.0	0.0	7.2	23049.0	10
3001025	0.9040484301657414	0.16143130956269758	0.5555555555555556	0.6666666666666666	18.666666666666668	23032.0	27
3001027	0.7114444589063879	0.0004888489556124935	0.0	0.0	4.8	23049.0	10
3001032	0.7290943789035392	0.00019718289518897444	0.0	0.0	1.3333333333333333	23056.0	3
3001034	0.9418666113344706	0.0357433670274052	0.05263157894736842	0.21052631578947367	3.6842105263157894	23040.0	19
3001041	0.755309577057787	0.0014913328423420572	0.0	0.0	7.857142857142857	23045.0	14
3001048	0.8601622930673029	0.00033261948200282744	0.0	0.0	1.5	23055.0	4
3001051	0.8132662502891511	0.3333894771649439	0.3333333333333333	0.3333333333333333	1.3333333333333333	23056.0	3
3001052	0.9226514264231698	0.0004830027728027774	0.0	0.0	1.6666666666666667	23053.0	6
3001057	0.9799091952664787	0.30138784301648336	0.5897435897435898	0.8717948717948718	60.1025641025641	22981.0	78
3001059	0.6808997449335201	0.04739357387593161	0.43478260869565216	0.5434782608695652	22.91304347826087	23013.0	46
3001065	0.7538784244982982	0.06611268705573052	0.3125	0.375	9.125	23043.0	16
3001067	0.8693766804453817	0.14858304899752398	0.42857142857142855	0.6571428571428571	30.857142857142858	23024.0	35
3001068	0.9977806694137208	0.07861850512955608	0.0	0.5	1.5	23055.0	4
3001069	0.8813907888047812	0.031062265102253805	0.125	0.25	8.0	23043.0	16
3001075	0.8981424666703853	0.0046903738334216445	0.0	0.0	4.2	23049.0	10
3001077	0.903571899117958	0.06451395381696898	0.3333333333333333	0.6	36.13333333333333	22969.0	90
3001081	0.8723536939829075	0.0004057891045497022	0.0	0.0	1.75	23051.0	8
3001083	0.9906826068098027	0.04949545343533852	0.0	0.75	2.0	23055.0	4
3001084	0.6117834164678667	8.084687474731972e-05	0.0	0.0	1.5	23055.0	4
3001096	0.7301360497853748	0.003356798942034601	0.0	0.08333333333333333	16.5	23035.0	24
3001097	0.9625512104956212	0.06332587786725087	0.16666666666666666	0.3333333333333333	3.6666666666666665	23053.0	6
3001105	0.6958235889005719	0.0009156137578789381	0.0	0.0	7.666666666666667	23041.0	18
3001106	0.46250793369152743	0.0006861588203856667	0.0	0.0	12.19047619047619	23038.0	21
3001110	0.918409930343819	0.05228720258064449	0.14285714285714285	0.2857142857142857	4.0	23052.0	7
3001111	0.9955976752255378	0.006748320787495914	0.0	0.0	1.3333333333333333	23056.0	3
3001113	0.9074516324287073	0.01095407132689527	0.0	0.10526315789473684	15.263157894736842	23040.0	19
3001121	0.9171401309797458	0.00045663244607990533	0.0	0.0	1.0	23057.0	2
3001122	0.7820384418384312	0.012344203391120566	0.0	0.25806451612903225	22.903225806451612	23028.0	31
3001123	0.8000198799971083	0.0002438042283611623	0.0	0.0	1.5	23055.0	4
3001124	0.7030093736552278	0.0014274731890255828	0.0	0.0	7.666666666666667	23047.0	12
3001126	0.8949412249501171	0.0024373872251551567	0.0	0.0	4.0	23054.0	5
3001127	0.80090183990197	0.011626129873185231	0.0	0.45454545454545453	6.0	23048.0	11
3001132	0.6268052124439014	0.0010966737437751273	0.0	0.0	11.714285714285714	23038.0	21
3001138	0.7876139212901812	0.002626027830735272	0.0	0.0	11.454545454545455	23037.0	22
3001147	0.7611466556779736	0.00047185261458610313	0.0	0.0	3.6	23054.0	5
3001155	0.7858588215881555	0.000602646521246433	0.0	0.0	4.75	23051.0	8
3001156	0.8274277560157887	0.2704873815790082	0.5725190839694656	0.8396946564885496	19.00763358778626	22928.0	131
3001160	0.6927442092478528	0.001694087332649103	0.0	0.0	2.8	23054.0	5
3001161	0.6877993587821989	0.00033038618332608414	0.0	0.0	4.363636363636363	23048.0	11
3001164	0.939377311901076	0.06966551668959181	0.1	0.25	3.6	23039.0	20
3001165	0.7050738426559311	0.004989468719877404	0.0	0.20512820512820512	23.128205128205128	23020.0	39
3001168	0.928262498218082	0.00553932524216917	0.0	0.1	6.2	23049.0	10
3001174	0.857792775652708	0.011783707623706167	0.07692307692307693	0.15384615384615385	9.23076923076923	23046.0	13
3001179	0.9542369347299101	0.20084520485380705	0.030303030303030304	0.42424242424242425	14.484848484848484	23026.0	33
3001193	0.9823819025723334	0.0037159194413959817	0.0	0.0	1.6666666666666667	23053.0	6
3001201	0.6766581356005726	0.00024414735112765745	0.0	0.0	2.6666666666666665	23053.0	6
3001205	0.846009542398612	0.00030442632030570286	0.0	0.0	2.0	23055.0	4
3001208	0.7406489244283956	0.0019617287857443227	0.0	0.03571428571428571	14.642857142857142	23031.0	28
3001211	0.9967255063538187	0.011553369111508647	0.0	0.0	1.0	23057.0	2
3001214	0.9096818563021444	0.003239896728408671	0.0	0.0	4.0	23053.0	6
3001217	0.9123753848944044	0.27200265311665484	0.7068965517241379	0.7586206896551724	47.241379310344826	23001.0	58
3001230	0.757431438652157	0.00030513896984901923	0.0	0.0	3.142857142857143	23052.0	7
3001235	0.9088739018302721	0.019617576467331244	0.018867924528301886	0.24528301886792453	34.0377358490566	23006.0	53
3001238	0.8406356092351921	0.012460906347847796	0.0	0.4	15.8	23039.0	20
3001242	0.780499130599456	0.02335649577106704	0.1111111111111111	0.1111111111111111	6.444444444444445	23050.0	9
3001244	0.9839197932480301	0.029026194910005625	0.0	0.25	2.5	23055.0	4
3001245	0.8247394819857724	0.015992008824368995	0.09090909090909091	0.18181818181818182	9.090909090909092	23048.0	11
3001255	0.9537028072441817	0.36767299708933066	0.5	0.6111111111111112	8.61111111111111	23023.0	36
3001257	0.8114887003294211	0.01665729320797108	0.0	0.4090909090909091	13.090909090909092	23037.0	22
3001261	0.7210669883838386	0.0027103034226088544	0.0	0.0	29.2	22954.0	105
3001265	0.927288892744069	0.0003579994416698158	0.0	0.0	1.0	23057.0	2
3001268	0.6794778193718455	0.018038977040807633	0.13333333333333333	0.14666666666666667	34.53333333333333	22984.0	75
3001269	0.8401221747429612	0.0030708666892213	0.0	0.125	4.0	23051.0	8
3001272	0.5279008822448096	0.001139248480784254	0.0	0.0	23.705882352941178	23025.0	34
3001273	0.7054714991564233	0.0019085563653561438	0.0	0.1111111111111111	5.333333333333333	23050.0	9
3001274	0.6615741142443963	0.000422025402690174	0.0	0.0	4.444444444444445	23050.0	9
3001283	0.8277529600555146	0.0001286292196690198	0.0	0.0	1.0	23057.0	2
3001284	0.8869205545602287	0.0033781739456924384	0.0	0.05263157894736842	10.105263157894736	23040.0	19
3001285	0.39908041988375115	5.732975862639605e-05	0.0	0.0	1.6	23054.0	5
3001287	0.8887125736956533	0.0019884714980889185	0.0	0.0	5.8	23049.0	10
3001296	0.5730427457955548	0.0001842472801269292	0.0	0.0	3.75	23051.0	8
3001299	0.8634089561734554	0.00793988671532872	0.0	0.0	3.0	23053.0	6
3001301	0.8275653538070038	0.0010712765175185967	0.0	0.0	3.6	23054.0	5
3001305	0.7335905974747255	0.0007630620858303259	0.0	0.0	6.0	23047.0	12
3001306	0.8519736271362888	0.025488067526417534	0.0	0.0	2.4	23054.0	5
3001308	0.928296687406526	0.007045983936145759	0.0	0.14285714285714285	4.285714285714286	23052.0	7
3001310	0.7469940550537928	0.00988911702848449	0.0	0.15151515151515152	19.818181818181817	23026.0	33
3001313	0.7110205143774124	7.54024388214112e-05	0.0	0.0	1.0	23057.0	2
3001315	0.8287836462919755	0.016013861717371	0.07692307692307693	0.38461538461538464	22.846153846153847	23033.0	26
3001317	0.9005624475868252	0.0012043815406713825	0.0	0.0	3.6	23054.0	5
3001319	0.9590346463069004	0.004233813418442146	0.0	0.0	1.7142857142857142	23052.0	7
3001320	0.8739069680911257	0.027298414828000675	0.13725490196078433	0.49019607843137253	41.01960784313726	23008.0	51
3001331	0.8877247928326609	0.0008891502379103531	0.0	0.0	3.2	23049.0	10
3001332	0.7804676726602349	0.016023350285419662	0.036036036036036036	0.2882882882882883	85.78378378378379	22948.0	111
3001342	0.8856093029608336	0.0005920781531809656	0.0	0.0	1.8823529411764706	23042.0	17
3001345	0.6033149852046577	0.00942636895284124	0.13636363636363635	0.19696969696969696	52.515151515151516	22993.0	66
3001354	0.8164602045096253	0.00028483495144083685	0.0	0.0	1.8333333333333333	23047.0	12
3001357	0.7579192512905045	0.0009346417071620849	0.0	0.0	2.6666666666666665	23053.0	6
3001358	0.7276811531343975	0.0009313791149361504	0.0	0.0	2.0	23056.0	3
3001359	0.8868181947419924	0.019435621748299277	0.058823529411764705	0.35294117647058826	10.705882352941176	23042.0	17
3001360	0.826858043176659	0.05119058836506156	0.21428571428571427	0.6428571428571429	9.285714285714286	23045.0	14
3001363	0.8900768257411423	0.000411941834460804	0.0	0.0	1.7777777777777777	23050.0	9
3001366	0.7539470259013406	0.001363831587988856	0.0	0.0	4.8	23049.0	10
3001370	0.8063603244134103	0.003996432507478494	0.0	0.0	1.0	23057.0	2
3001373	0.9320139099755637	0.0005068258773214394	0.0	0.0	1.6666666666666667	23053.0	6
3001375	0.7241117147514019	0.07949532909175802	0.32142857142857145	0.3392857142857143	28.535714285714285	23003.0	56
3001376	0.9347458735095496	0.02973979123996728	0.07692307692307693	0.38461538461538464	12.692307692307692	23033.0	26
3001377	0.8092370489039831	0.0002426535103431473	0.0	0.0	1.75	23051.0	8
3001379	0.8650780741704619	0.00038805118169225894	0.0	0.0	2.5	23055.0	4
3001382	0.756668546148508	0.00024490784798241323	0.0	0.0	1.3333333333333333	23056.0	3
3001387	0.8753889654965145	0.03014990380204765	0.13333333333333333	0.4	33.2	23014.0	45
3001389	0.6411903625757088	0.0020898610913519028	0.0	0.0	3.4285714285714284	23052.0	7
3001392	0.817725147388444	0.0033927378078472577	0.0	0.08333333333333333	7.666666666666667	23047.0	12
3001393	0.9246259200613133	0.0011588164948005345	0.0	0.0	3.0	23051.0	8
3001397	0.34329528679932925	0.0005862281864669141	0.0	0.0	17.454545454545453	23026.0	33
3001398	0.8165625722877632	0.0006969364045823598	0.0	0.0	1.3333333333333333	23056.0	3
3001405	0.7482253863472611	0.12467461932313885	0.3611111111111111	0.5555555555555556	51.583333333333336	22987.0	72
3001408	0.731714546313609	0.007066183376357697	0.0	0.23076923076923078	10.615384615384615	23046.0	13
3001418	0.5940734514340805	0.0006519975981161916	0.0	0.0	5.333333333333333	23050.0	9
3001426	0.8222350504591501	0.003175872409462208	0.0	0.058823529411764705	12.235294117647058	23042.0	17
3001438	0.9807108470312703	0.0011838927027714213	0.0	0.0	1.0	23057.0	2
3001443	0.6608317265204467	0.0012201358452966385	0.0	0.0	5.111111111111111	23050.0	9
3001444	0.7731708374896995	0.00011197282573060851	0.0	0.0	1.0	23057.0	2
3001449	0.7098260756419154	0.00033631484334140007	0.0	0.0	1.3333333333333333	23056.0	3
3001451	0.9733594027581534	0.0018649951221028519	0.0	0.0	1.7142857142857142	23052.0	7
3001452	0.9464938573243702	0.060435090115763763	0.15384615384615385	0.3076923076923077	3.5384615384615383	23046.0	13
3001455	0.8248909298232567	0.0010434933317104323	0.0	0.0	4.857142857142857	23052.0	7
3001458	0.8142593516389769	0.004504932271386965	0.0	0.0	4.666666666666667	23053.0	6
3001459	0.9160890536835122	0.03342695379186788	0.0	0.36363636363636365	12.545454545454545	23026.0	33
3001461	0.9200528197564939	0.174055490734695	0.5882352941176471	0.7647058823529411	11.882352941176471	23042.0	17
3001463	0.8082903239797026	0.00013178755024902933	0.0	0.0	1.0	23057.0	2
3001473	0.8041770368215085	0.002495729610160633	0.0	0.0	10.875	23043.0	16
3001476	0.8259369306844799	0.0003051460628418547	0.0	0.0	2.4	23054.0	5
3001479	0.2485792708194302	0.00027097665169070523	0.0	0.0	9.438202247191011	22970.0	89
3001485	0.6206157471663197	8.892985191027135e-05	0.0	0.0	1.3333333333333333	23056.0	3
3001488	0.8593268855445201	0.00020269962449395303	0.0	0.0	1.0	23057.0	2
3001493	0.7496844365402967	0.0010537121645679882	0.0	0.0	2.8	23054.0	5
3001496	0.8668581298503257	0.005686060199336922	0.0	0.11764705882352941	9.411764705882353	23042.0	17
3001497	0.2896316778717559	0.0004797682303334838	0.0	0.0	1.5	23055.0	4
3001498	0.7642073200961802	0.0005411346992652863	0.0	0.0	2.857142857142857	23052.0	7
3001499	0.8960041205812188	0.04717085266492362	0.0	0.5	2.0	23055.0	4
3001501	0.7002103482673374	8.798472684351374e-05	0.0	0.0	1.0	23057.0	2
3001502	0.9639826220217441	0.005949601200127649	0.0	0.0	2.0	23056.0	3
3001504	0.9073872261982217	0.0013457348072273545	0.0	0.0	2.0	23055.0	4
3001511	0.8970694540828129	0.0009114075460242083	0.0	0.0	2.0	23056.0	3
3001513	0.9645322132091749	0.07463902337913148	0.16666666666666666	0.5	3.0	23053.0	6
3001522	0.7717829726330399	9.502255389591207e-05	0.0	0.0	1.0	23057.0	2
3001526	0.694762415669692	0.00012089318056084921	0.0	0.0	1.8333333333333333	23047.0	12
3001528	0.841110165181848	0.013204108512704727	0.0	0.18867924528301888	48.18867924528302	22953.0	106
3001529	0.7293444434802313	0.0028827416910310283	0.0	0.08333333333333333	8.0	23047.0	12
3001541	0.7732874605383299	0.010893048450218847	0.01098901098901099	0.03296703296703297	55.120879120879124	22968.0	91
3001542	0.8774030537000087	0.0011435332982583522	0.0	0.0	2.8	23054.0	5
3001543	0.7337359587110206	0.00011570694181362319	0.0	0.0	1.0	23057.0	2
3001544	0.8708324296971012	0.0004940637939066612	0.0	0.0	1.5	23055.0	4
3001545	0.9153754952141349	0.001856228798054607	0.0	0.0	3.2	23054.0	5
3001550	0.6893142187906653	0.000283782670643321	0.0	0.0	2.8	23054.0	5
3001554	0.8505330329471104	0.0012652154527913232	0.0	0.0	5.066666666666666	23044.0	15
3001558	0.8537320553411112	0.0005066302315029325	0.0	0.0	1.0	23057.0	2
3001567	0.944105911436874	0.0005192920097786928	0.0	0.0	1.0	23057.0	2
3001568	0.9077817298516526	0.0010270717000478702	0.0	0.0	1.6	23054.0	5
3001571	0.7358388272033309	0.00015910522751131414	0.0	0.0	2.0	23056.0	3
3001572	0.6316577758037993	0.0013305151903517962	0.0	0.0	15.918367346938776	23010.0	49
3001574	0.7380405083055037	8.276207101374582e-05	0.0	0.0	1.0	23057.0	2
3001579	0.49247517023029885	4.401204566318826e-05	0.0	0.0	1.0	23057.0	2
3001580	0.8310998261560231	0.016329677196260516	0.0	0.3333333333333333	5.866666666666666	23044.0	15
3001581	0.98724899162944	0.002411523170175324	0.0	0.0	1.0	23057.0	2
3001586	0.5499194133122436	0.0659219421622437	0.35294117647058826	0.39705882352941174	58.76470588235294	22991.0	68
3001593	0.5864862502818482	0.005748626440063674	0.06	0.14	36.68	23009.0	50
3001594	0.8460402660305067	0.0006638182792404958	0.0	0.0	3.0	23055.0	4
3001604	0.7603450929338437	0.015572695355299326	0.08035714285714286	0.13392857142857142	15.142857142857142	22947.0	112
3001605	0.82066128845709	0.00015563995652948087	0.0	0.0	1.3333333333333333	23056.0	3
3001606	0.7390777049986265	0.0003422819931513306	0.0	0.0	2.6666666666666665	23053.0	6
3001609	0.9376963118175581	0.015964921714719412	0.0	0.2	1.8666666666666667	23044.0	15
3001611	0.9071214815457345	0.00032485971966650764	0.0	0.0	1.0	23057.0	2
3001615	0.7683840314463278	0.0032759971121644714	0.0	0.045454545454545456	22.333333333333332	22993.0	66
3001619	0.927414120159467	0.015715945623076277	0.0	0.5	5.8	23049.0	10
3001634	0.939730433224966	0.027224342344877132	0.0	0.38461538461538464	10.0	23046.0	13
3001645	0.7807967221531397	0.0016146664920693597	0.0	0.07692307692307693	8.76923076923077	23046.0	13
3001654	0.9914050749161171	0.2713473253646321	0.6363636363636364	0.8181818181818182	8.727272727272727	23048.0	11
3001656	0.6683460995017476	0.0008659404178061209	0.0	0.0	4.0	23052.0	7
3001658	0.7896893841506211	0.03344435027640166	0.035398230088495575	0.24778761061946902	67.69911504424779	22946.0	113
3001668	0.9034947869217532	0.001801952676390916	0.0	0.0	4.5	23051.0	8
3001673	0.9563039424036084	0.0026812287414965984	0.0	0.0	1.0	23057.0	2
3001676	0.735805450339104	0.029177638945227118	0.19047619047619047	0.38095238095238093	13.904761904761905	23038.0	21
3001679	0.8089513867061179	0.008085293058861954	0.0	0.0625	20.375	23027.0	32
3001680	0.8405155474678644	0.012005838102219064	0.045454545454545456	0.22727272727272727	17.09090909090909	23037.0	22
3001682	0.9727734403238633	0.007003043362620263	0.0	0.0	1.5	23055.0	4
3001690	0.9317795757002882	0.009223116578525536	0.0	0.125	5.5625	23027.0	32
3001701	0.8772234339469434	0.002469140111233565	0.0	0.0	3.3846153846153846	23046.0	13
3001706	0.9625824603002407	0.03890222842451724	0.07142857142857142	0.2857142857142857	6.857142857142857	23045.0	14
3001709	0.818608921428299	0.0016968726863575865	0.0	0.0	9.545454545454545	23037.0	22
3001715	0.9209349719492917	0.007749116246096637	0.0	0.0	3.4285714285714284	23045.0	14
3001717	0.9409913914790321	0.0910521600141426	0.325	0.75	26.65	23019.0	40
3001721	0.8709106585531219	0.13857368846687537	0.16129032258064516	0.2903225806451613	6.967741935483871	23028.0	31
3001728	0.6486620673200794	0.009103342737677288	0.024390243902439025	0.17073170731707318	30.878048780487806	23018.0	41
3001731	0.862427883572637	0.00030204527134549975	0.0	0.0	1.6666666666666667	23053.0	6
3001733	0.8204924385821686	0.0005222615588294278	0.0	0.0	5.513513513513513	23022.0	37
3001739	0.869452805341502	0.005259998571778982	0.0	0.11627906976744186	13.767441860465116	23016.0	43
3001741	0.9494214556288796	0.004103062810412409	0.0	0.0	3.5	23047.0	12
3001742	0.9516851739394465	0.0007323081890355857	0.0	0.0	1.6	23054.0	5
3001745	0.6456666955842805	0.00010871851994263778	0.0	0.0	1.6	23054.0	5
3001746	0.9148569836251302	0.17566159120772654	0.6842105263157895	0.7894736842105263	31.94736842105263	23021.0	38
3001754	0.9400692606891367	0.0017243744694770684	0.0	0.0	1.6666666666666667	23053.0	6
3001760	0.8987749214474736	0.0028678108175853763	0.0	0.0	1.75	23051.0	8
3001770	0.7985700074118243	0.004526448862801498	0.0	0.03333333333333333	22.4	23029.0	30
3001774	0.9597050531338105	0.0015804092068373314	0.0	0.0	2.0	23055.0	4
3001780	0.9997072472567984	0.07272727272727272	0.0	1.0	1.0	23057.0	2
3001781	0.724411241705339	8.052500556248682e-05	0.0	0.0	1.0	23057.0	2
3001782	0.9448601171112557	0.0014695352582201615	0.0	0.0	2.0	23055.0	4
3001790	0.798427876286882	0.22963913030148833	0.6666666666666666	0.7543859649122807	47.26315789473684	23002.0	57
3001802	0.8178299246126012	0.0030530218058666403	0.0	0.06666666666666667	12.4	23044.0	15
3001804	0.5029266238836865	0.049320266248743465	0.125	0.125	4.75	23051.0	8
3001805	0.7318710560736434	0.03766529867539358	0.15789473684210525	0.21052631578947367	14.68421052631579	23021.0	38
3001808	0.6551564945526824	0.017504478223905637	0.056910569105691054	0.4146341463414634	102.84552845528455	22936.0	123
3001810	0.88214114320597	0.0021640904446913367	0.0	0.0	5.538461538461538	23046.0	13
3001812	0.7385370438168226	0.0016860664324223318	0.0	0.0	10.636363636363637	23037.0	22
3001815	0.948401578901709	0.0010547691789970352	0.0	0.0	1.6	23054.0	5
3001819	0.8089485358077799	0.0011975227321547291	0.0	0.0	5.833333333333333	23047.0	12
3001821	0.9461706839879429	0.06226355359698691	0.2	0.4	4.2	23049.0	10
3001823	0.8812451365217091	0.012796058873081474	0.0	0.1111111111111111	5.333333333333333	23050.0	9
3001825	0.6793043776944742	0.033196090161768166	0.2702702702702703	0.5675675675675675	99.8018018018018	22948.0	111
3001829	0.9218270148347358	0.01111812829967893	0.0	0.4	3.6	23054.0	5
3001831	0.5495544846748285	0.0006022610329119465	0.0	0.0	8.0	23034.0	25
3001838	0.7241505290241281	0.03900963879754264	0.02702702702702703	0.5135135135135135	26.324324324324323	23022.0	37
3001839	0.9093551100974857	0.0014147422680006933	0.0	0.0	1.75	23051.0	8
3001840	0.8625085727506342	0.0003628495880023089	0.0	0.0	1.7142857142857142	23052.0	7
3001847	0.8445188359020362	0.0029127439144359724	0.0	0.0	6.181818181818182	23048.0	11
3001848	0.8360804218981271	0.04422867521471392	0.22641509433962265	0.4528301886792453	46.60377358490566	23006.0	53
3001849	0.6365343149005758	0.0027482168987457254	0.0	0.0	7.875	23043.0	16
3001851	0.8468774813423714	0.0027289059070116583	0.0	0.0	8.2	23049.0	10
3001852	0.9877978255840851	0.012262985121545727	0.0	0.3333333333333333	1.3333333333333333	23056.0	3
3001856	0.9167194436009775	0.0017539331202573911	0.0	0.0	3.0	23053.0	6
3001862	0.7846004014902856	0.00042657755752905545	0.0	0.0	3.6666666666666665	23053.0	6
3001865	0.7713972023422251	0.0002525539788838588	0.0	0.0	2.0	23055.0	4
3001866	0.9242036466692695	0.012543346018388024	0.0	0.0	1.6666666666666667	23053.0	6
3001868	0.9660529403501814	0.006133330698706812	0.0	0.0	3.142857142857143	23052.0	7
3001869	0.800471316215591	0.00014969581635423498	0.0	0.0	1.3333333333333333	23056.0	3
3001871	0.790071634826288	0.00017091899327297994	0.0	0.0	1.8	23049.0	10
3001872	0.8816902324774462	0.0014095355145934167	0.0	0.0	2.0	23056.0	3
3001874	0.9652780790159873	0.0021854736055521764	0.0	0.0	3.0	23053.0	6
3001879	0.632919461667014	0.007906476481144035	0.057692307692307696	0.15384615384615385	44.92307692307692	23007.0	52
3001880	0.8326002333926092	0.01398530650629298	0.037037037037037035	0.1111111111111111	8.444444444444445	23032.0	27
3001881	0.9369650705528567	0.002454582079165282	0.0	0.0	1.3333333333333333	23056.0	3
3001890	0.914143934523446	0.16757442355583813	0.5299145299145299	0.8034188034188035	100.41025641025641	22942.0	117
3001893	0.728494246767191	0.0014103311126729982	0.0	0.0	11.571428571428571	23045.0	14
3001905	0.9641822413815976	0.027815688496363265	0.0	0.22580645161290322	15.096774193548388	23028.0	31
3001907	0.9988730151217134	0.5948250325047659	0.8181818181818182	0.9090909090909091	7.636363636363637	23048.0	11
3001910	0.79771958126913	0.0024564171622487706	0.0	0.0	5.090909090909091	23048.0	11
3001913	0.8395033615267838	0.00048358125616410774	0.0	0.0	3.0	23055.0	4
3001919	0.864792967846403	0.00021117532022112522	0.0	0.0	1.3333333333333333	23056.0	3
3001922	0.8823326772300608	0.0009090289276240163	0.0	0.0	1.8333333333333333	23047.0	12
3001927	0.5946394058136565	0.020828010643640423	0.0	0.16666666666666666	3.0	23053.0	6
3001935	0.9672608720795743	0.04303109447058672	0.0	0.3333333333333333	2.0	23056.0	3
3001937	0.8301328321395137	0.001740093556099693	0.0	0.0	8.727272727272727	23048.0	11
3001938	0.8253487164787985	0.002418107460774511	0.0	0.0	5.833333333333333	23047.0	12
3001940	0.9954693328706515	0.6053815736410335	0.6	0.6	2.4	23054.0	5
3001947	0.8251865693902196	0.00429320557362097	0.019230769230769232	0.038461538461538464	3.8846153846153846	23007.0	52
3001950	0.6627950654610452	0.00226675938647453	0.0	0.0	9.857142857142858	23045.0	14
3001955	0.7994893975248868	0.000716446225037407	0.0	0.0	5.631578947368421	23021.0	38
3001961	0.7630496392371203	0.0005759183630254972	0.0	0.0	2.6666666666666665	23053.0	6
3001962	0.9027851010429776	0.0016722004060872203	0.0	0.0	1.875	23043.0	16
3001964	0.7926404892657171	0.011071602914575188	0.0	0.15384615384615385	10.76923076923077	23046.0	13
3001966	0.7103029075423711	0.005342115026980753	0.0	0.0	9.9	23039.0	20
3001975	0.9357385906582769	0.5803291337832602	0.782051282051282	0.8589743589743589	70.3076923076923	22981.0	78
3001978	0.9733622495460377	0.00366007178848354	0.0	0.0	4.25	23051.0	8
3001979	0.8788258002949597	0.0006552312427486945	0.0	0.0	1.6	23054.0	5
3001980	0.8726829762008039	0.0024951280928242003	0.0	0.0	3.6	23054.0	5
3001983	0.8763905466530163	0.6504447759512259	0.8648648648648649	0.8648648648648649	76.68468468468468	22948.0	111
3001994	0.5938931153372421	0.0014863693532453169	0.0	0.0	17.166666666666668	23035.0	24
3001996	0.42354816324760375	3.8745634478300935e-05	0.0	0.0	1.0	23057.0	2
3002006	0.9231797941244505	0.0004233652861175558	0.0	0.0	1.3333333333333333	23056.0	3
3002018	0.47935426063517705	0.00165707010788037	0.0	0.0	10.153846153846153	23046.0	13
3002019	0.8571836006414263	0.11370384897691163	0.4	0.7636363636363637	37.38181818181818	23004.0	55
3002020	0.9042474578523642	0.0011158937144217444	0.0	0.0	5.608695652173913	23013.0	46
3002021	0.8155598306337098	0.0664581218677949	0.3870967741935484	0.6774193548387096	22.516129032258064	23028.0	31
3002022	0.989265279485195	0.8310945355353458	0.9577464788732394	0.9859154929577465	72.63380281690141	22917.0	142
3002024	0.8419677349775677	0.004431655914180523	0.0	0.047619047619047616	13.904761904761905	23038.0	21
3002026	0.8146955873005856	0.0006704598425887632	0.0	0.0	5.090909090909091	23048.0	11
3002034	0.6613571304649549	0.00015275733088352173	0.0	0.0	1.3333333333333333	23056.0	3
3002036	0.9016326900806962	0.004724775937613517	0.0	0.0	10.486486486486486	23022.0	37
3002037	0.829441794178953	0.0012516594161938346	0.0	0.0	4.25	23051.0	8
3002043	0.9886038341429563	0.003278350720781191	0.0	0.0	1.3333333333333333	23056.0	3
3002045	0.9199831850144188	0.0005141707152119646	0.0	0.0	1.7142857142857142	23052.0	7
3002046	0.9746200102459862	0.0030333479927777194	0.0	0.0	1.7142857142857142	23052.0	7
3002047	0.8073963031802595	0.0010478018538311257	0.0	0.045454545454545456	3.6363636363636362	23037.0	22
3002048	0.9173942873721597	0.04728508489703816	0.09090909090909091	0.18181818181818182	3.272727272727273	23048.0	11
3002049	0.896084532974472	0.010625102548003907	0.0	0.03225806451612903	1.978494623655914	22966.0	93
3002050	0.7777777777777778	0.001047729860414169	0.0	0.0	5.714285714285714	23052.0	7
3002052	0.9083528036176511	0.02475600371656997	0.0	0.25	4.25	23051.0	8
3002054	0.9229988403647723	0.0026161893940791917	0.0	0.0	1.8181818181818181	23048.0	11
3002056	0.7177921871385612	0.00010886464566640482	0.0	0.0	1.3333333333333333	23056.0	3
3002063	0.8701064209808882	0.019652004870065656	0.041666666666666664	0.21875	7.770833333333333	22963.0	96
3002065	0.803938953469261	0.002406263478992514	0.0	0.08333333333333333	9.0	23047.0	12
3002067	0.9126521610197609	0.009153092849941844	0.0	0.16666666666666666	14.555555555555555	23041.0	18
3002069	0.7860642404788758	0.07604959121214869	0.2	0.4	2.8	23054.0	5
3002075	0.9986338205317258	0.03556034482758621	0.0	0.5	1.0	23057.0	2
3002081	0.9251532500578302	0.00040260169691987835	0.0	0.0	1.3333333333333333	23056.0	3
3002095	0.9257735126147617	0.000533693758855987	0.0	0.0	1.5	23055.0	4
3002107	0.8438116306642376	0.0008759726018472231	0.0	0.0	2.4	23054.0	5
3002108	0.9051968099720908	0.1714045392118654	0.375	0.5	3.75	23051.0	8
3002112	0.8424093973872735	0.0013895460785506096	0.0	0.0	4.857142857142857	23052.0	7
3002131	0.8156525133365139	0.0001989212241090279	0.0	0.0	1.0	23057.0	2
3002139	0.8926769319742645	0.0012330909702283996	0.0	0.0	3.0	23055.0	4
3002148	0.9807651991614256	0.001709023121431097	0.0	0.0	1.5	23055.0	4
3002168	0.88974306536774	0.0006295406800294643	0.0	0.0	2.857142857142857	23052.0	7
3002176	0.8961841553521595	0.0062067823521613314	0.0	0.16666666666666666	1.6666666666666667	23053.0	6
3002193	0.9883441037428979	0.002479922256041659	0.0	0.0	1.0	23057.0	2
3002196	0.8773151160268922	0.0005661540717458941	0.0	0.0	1.5	23055.0	4
3002197	0.9797024764713536	0.0010684780780125399	0.0	0.0	1.0	23057.0	2
3002198	0.8834652642232342	0.0018159695372552364	0.0	0.0	1.5	23055.0	4
3002200	0.9853091990919182	0.09747042216404651	0.13636363636363635	0.7727272727272727	14.818181818181818	23037.0	22
3002208	0.7766654015759415	0.0018403219511845138	0.0	0.0	2.5	23055.0	4
3002214	0.9907528700731616	0.024144936228793972	0.0	0.4	3.2	23054.0	5
3002250	0.9524547859652166	0.0005855304667036307	0.0	0.0	1.0	23057.0	2
3002255	0.8487957565559089	0.13179812234243338	0.2	0.6	6.2	23049.0	10
3002268	0.9909772782397099	0.1222055594961743	0.3076923076923077	0.6153846153846154	9.384615384615385	23046.0	13
3002281	0.7365166989966347	0.005192644068858656	0.0	0.125	5.5	23051.0	8
3002282	0.8870513054903103	0.0014515216141599884	0.0	0.0	3.25	23051.0	8
3002287	0.7104775743905613	0.00013157270046496922	0.0	0.0	1.6	23054.0	5
3002301	0.8274637878750319	0.0013144297303005774	0.0	0.0	4.0	23052.0	7
3002312	0.7031487183935464	9.311198848491738e-05	0.0	0.0	1.0	23057.0	2
3002313	0.9971050006505617	0.01529464687359424	0.0	0.0	1.0	23057.0	2
3002328	0.9153402437437654	0.0049667444070139065	0.0	0.0	1.0	23057.0	2
3002329	0.9544117221836688	0.0014444551887852677	0.0	0.0	1.3333333333333333	23056.0	3
3002330	0.9081092218270148	0.0015010864326070491	0.0	0.0	3.2	23054.0	5
3002336	0.9989157305807348	0.13	0.0	0.5	1.0	23057.0	2
3002354	0.8755566157760816	0.00022527858340723862	0.0	0.0	1.3333333333333333	23056.0	3
3002370	0.9611923143650243	0.0014983222720086472	0.0	0.0	2.0	23056.0	3
3002371	0.9560707263474439	0.0008392675584058792	0.0	0.0	1.3333333333333333	23056.0	3
3002388	0.9014159529324851	0.004431825989581514	0.0	0.07692307692307693	5.076923076923077	23046.0	13
3002398	0.9231036127857051	0.0016075539640016592	0.0	0.0	1.0	23057.0	2
3002415	0.9476469312513554	0.004544385952651693	0.0	0.0	2.0	23055.0	4
3002416	0.8200871752613089	0.0013535660645237865	0.0	0.0	1.0	23057.0	2
3002424	0.9679072861088217	0.011156656808329448	0.0	0.16666666666666666	2.6666666666666665	23053.0	6
3002425	0.9730065784717704	0.013301953784211243	0.0	0.25	3.0	23055.0	4
3002439	0.6947110171329429	0.00014615436569534836	0.0	0.0	2.0	23055.0	4
3002451	0.9698693963882299	0.11499027713833473	0.3333333333333333	0.4	7.2	23044.0	15
3002481	0.5428177993667866	5.6621997056815974e-05	0.0	0.0	1.0	23057.0	2
3002487	0.9102547420772611	0.003067126536446588	0.0	0.0	1.3333333333333333	23056.0	3
3002540	0.9519885501149326	0.00046772448459792953	0.0	0.0	1.0	23057.0	2
3002541	0.8173415383852657	0.0011604079966892873	0.0	0.0	4.285714285714286	23052.0	7
3002548	0.8432209209860478	0.0003646567479879477	0.0	0.0	1.5	23055.0	4
3002559	0.9054517066400659	0.00023515360640660304	0.0	0.0	1.0	23057.0	2
3002566	0.9079222187790518	0.0014221426721557832	0.0	0.0	3.111111111111111	23050.0	9
3002569	0.9097987334085191	0.0027982342784251143	0.0	0.0	3.6	23054.0	5
3002573	0.905310227157709	0.205509421487543	0.3333333333333333	0.3333333333333333	1.6666666666666667	23053.0	6
3002600	0.9960169840787818	0.03393988620594326	0.0	0.125	4.0	23051.0	8
3002606	0.9903024825259098	0.053648119405626034	0.1111111111111111	0.4444444444444444	6.0	23050.0	9
3002619	0.8304309796437659	0.00022950921875141656	0.0	0.0	1.3333333333333333	23056.0	3
3002634	0.8286020992366412	0.00017683038767404318	0.0	0.0	1.3333333333333333	23056.0	3
3002647	0.9877697322361096	0.015330238367952146	0.0	0.1111111111111111	5.777777777777778	23050.0	9
3002654	0.999913254684247	0.2902777777777778	0.0	1.0	2.0	23056.0	3
3002678	0.9776592706661461	0.008887407434881523	0.0	0.0	2.6666666666666665	23053.0	6
3002690	0.6523573039555864	0.00010100226173229918	0.0	0.0	1.3333333333333333	23056.0	3
3002691	0.9502893694240807	0.0027477485012998063	0.0	0.0	2.6666666666666665	23053.0	6
3002706	0.9973001691460295	0.011332417582417582	0.0	0.0	1.0	23057.0	2
3002709	0.8914144262829615	0.005401771438277426	0.0	0.0	5.454545454545454	23048.0	11
3002720	0.9902273224924187	0.2583906693565389	0.42857142857142855	0.42857142857142855	3.4285714285714284	23052.0	7
3002721	0.9989807867458906	0.04052197802197802	0.0	0.5	1.0	23057.0	2
3002775	0.9067664281067014	0.008129427415248133	0.0	0.25	2.0	23055.0	4
3002822	0.8946632259183762	0.00022418473632468503	0.0	0.0	1.0	23057.0	2
3002823	0.869453961920458	0.0001746887776940502	0.0	0.0	1.0	23057.0	2
3002828	0.9621985338769845	0.04647035682048642	0.0	0.4	2.8	23054.0	5
3002861	0.7605467846402961	0.00012121613828280631	0.0	0.0	1.3333333333333333	23056.0	3
